,분류,명칭,위도,경도
0,보안등,역삼1동833,37.4933487196,127.032033186
1,보안등,역삼1동833,37.4933487196,127.032033186
2,보안등,역삼1동833,37.4933487196,127.032033186
3,보안등,역삼1동833,37.4933487196,127.032033186
4,보안등,역삼1동833,37.4933487196,127.032033186
5,보안등,역삼1동832-25,37.49283351,127.03141329399999
6,보안등,역삼1동832-27,37.4926316591,127.031508196
7,보안등,역삼1동832-28,37.4924802706,127.03158050200001
8,보안등,역삼1동832-28,37.4924802706,127.03158050200001
9,보안등,역삼1동832-29,37.4923433006,127.031643768
10,보안등,역삼1동832-31,37.4920297367,127.03169339
11,보안등,역삼1동832-31,37.4920297367,127.03169339
12,보안등,역삼1동837-33,37.4915755437,127.03200981399999
13,보안등,역삼1동837-15,37.4918998658,127.03215921399999
14,보안등,역삼1동837-16,37.4919574771,127.032353732
15,보안등,역삼1동836,37.4919753184,127.03300054299999
16,보안등,역삼1동836-1,37.4916221664,127.032846603
17,보안등,역삼1동836-2,37.4916617717,127.032986836
18,보안등,역삼1동836-14,37.4914851489,127.03307722
19,보안등,역삼1동836-15,37.491441941,127.032932463
20,보안등,역삼1동836-25,37.4909084751,127.033180995
21,보안등,역삼1동840-1,37.491163732800004,127.03534765
22,보안등,역삼1동840-3,37.4912501426,127.035637167
23,보안등,역삼1동840-5,37.4913221492,127.035881446
24,보안등,역삼1동840-5,37.4913221492,127.035881446
25,보안등,역삼1동835-51,37.4916536441,127.036130374
26,보안등,역삼1동799,37.4915885846,127.036736435
27,보안등,역삼1동835-52,37.4917148543,127.036320373
28,보안등,역삼1동793-52,37.4919418398,127.036542115
29,보안등,역삼1동835-68,37.4923096847,127.03577788700001
30,보안등,역삼1동793-33,37.4921904631,127.036718637
31,보안등,역삼1동835-68,37.4923096847,127.03577788700001
32,보안등,역삼1동835-68,37.4923096847,127.03577788700001
33,보안등,역삼1동835-12,37.4917836312,127.03532985
34,보안등,역삼1동835-12,37.4917836312,127.03532985
35,보안등,역삼1동834-23,37.4928722342,127.034701644
36,보안등,역삼1동834-24,37.4929695562,127.03465645799999
37,보안등,역삼1동834-68,37.493052322,127.03508619700001
38,보안등,역삼1동834-72,37.4933118549,127.03494157600001
39,보안등,역삼1동834-72,37.4933118549,127.03494157600001
40,보안등,역삼1동834-73,37.4934560308,127.03489188799999
41,보안등,역삼1동834-52,37.493852535100004,127.034684005
42,보안등,역삼1동834-75,37.493574985,127.034819572
43,보안등,역삼1동834-54,37.493989381300004,127.03504592600001
44,보안등,역삼1동835-68,37.4923096847,127.03577788700001
45,보안등,역삼1동835-68,37.4923096847,127.03577788700001
46,보안등,역삼1동835-68,37.4923096847,127.03577788700001
47,보안등,역삼1동793-24,37.4924969299,127.036316229
48,보안등,역삼1동835-68,37.4923096847,127.03577788700001
49,보안등,역삼1동793-12,37.4928573077,127.03639782
50,보안등,역삼1동835-68,37.4923096847,127.03577788700001
51,보안등,역삼1동835-68,37.4923096847,127.03577788700001
52,보안등,역삼1동835-68,37.4923096847,127.03577788700001
53,보안등,역삼1동835-68,37.4923096847,127.03577788700001
54,보안등,역삼1동835-68,37.4923096847,127.03577788700001
55,보안등,역삼1동835-68,37.4923096847,127.03577788700001
56,보안등,역삼1동835-68,37.4923096847,127.03577788700001
57,보안등,역삼1동835-68,37.4923096847,127.03577788700001
58,보안등,역삼1동835-68,37.4923096847,127.03577788700001
59,보안등,역삼1동835-68,37.4923096847,127.03577788700001
60,보안등,역삼1동835-68,37.4923096847,127.03577788700001
61,보안등,역삼1동835-68,37.4923096847,127.03577788700001
62,보안등,역삼1동835-68,37.4923096847,127.03577788700001
63,보안등,역삼1동 652-16,37.5073706664,127.036549634
64,보안등,역삼1동 658-7,37.5069959029,127.036373015
65,보안등,역삼1동 652-15,37.5075040598,127.03640493
66,보안등,역삼1동 651-15,37.5071870406,127.035965946
67,보안등,역삼1동 658-5,37.5070139827,127.036178492
68,보안등,역삼1동 651-16,37.5071294312,127.035784958
69,보안등,역삼1동 651-16,37.5071294312,127.035784958
70,보안등,역삼1동 651-2,37.5073997955,127.03557698200001
71,보안등,역삼1동 658-1,37.5068807703,127.035730552
72,보안등,역삼1동748-18,37.4956684085,127.036530361
73,보안등,역삼1동748-29,37.4956178848,127.036747455
74,보안등,역삼1동745-19,37.496547596199996,127.037155015
75,보안등,역삼1동746-16,37.4967565038,127.037553176
76,보안등,역삼1동746-16,37.4967565038,127.037553176
77,보안등,역삼1동746-7,37.4970483404,127.03783377399999
78,보안등,역삼1동746-9,37.497159956,127.038173086
79,보안등,역삼1동746-29,37.4972105389,127.037779575
80,보안등,역삼1동745-6,37.4972899627,127.03735441299999
81,보안등,역삼1동738-32,37.4978304095,127.037847739
82,보안등,역삼1동745-3,37.4975673908,127.03761238700001
83,보안등,역삼1동745-3,37.4975673908,127.03761238700001
84,보안등,역삼1동738-4,37.4987533319,127.03692540899999
85,보안등,역삼1동738-42,37.497697351199996,127.036929412
86,보안등,역삼1동745-8,37.497369375,127.036960915
87,보안등,역삼1동745-8,37.497369375,127.036960915
88,보안등,역삼1동744-10,37.4968902194,127.03638168399999
89,보안등,역삼1동745-20,37.496652229,127.036784149
90,보안등,역삼1동744-9,37.4967496804,127.036322811
91,보안등,역삼1동748,37.4962847291,127.036426623
92,보안등,역삼1동748-1,37.496241427600005,127.03659849
93,보안등,역삼1동748-23,37.4961116321,127.036761267
94,보안등,역삼1동748,37.4962847291,127.036426623
95,보안등,역삼1동748-4,37.496003660999996,127.036277217
96,보안등,역삼1동748-4,37.496003660999996,127.036277217
97,보안등,역삼1동 624-10,37.5041322368,127.031006359
98,보안등,역삼1동 624-38,37.5037935731,127.030567409
99,보안등,역삼1동 624-38,37.5037935731,127.030567409
100,보안등,역삼1동 624-38,37.5037935731,127.030567409
101,보안등,역삼1동 624-38,37.5037935731,127.030567409
102,보안등,역삼1동 624-38,37.5037935731,127.030567409
103,보안등,역삼1동 624-38,37.5037935731,127.030567409
104,보안등,역삼1동 624-45,37.5037825775,127.031268595
105,보안등,역삼1동 624-15,37.5038437762,127.03153100200001
106,보안등,역삼1동 624-15,37.5038437762,127.03153100200001
107,보안등,역삼1동 624-15,37.5038437762,127.03153100200001
108,보안등,역삼1동 624-12,37.5043663774,127.03146336399999
109,보안등,역삼1동 612-8,37.5045068652,127.031721283
110,보안등,역삼1동 612-7,37.5046906301,127.031870649
111,보안등,역삼1동 610-7,37.5050689702,127.03217391
112,보안등,역삼1동 612-6,37.5047915926,127.03168521299999
113,보안등,역삼1동 612-5,37.5049285817,127.031549554
114,보안등,역삼1동 613-24,37.5051917988,127.031083703
115,보안등,역삼1동 611,37.5054476389,127.031255718
116,보안등,역삼1동 611,37.5054476389,127.031255718
117,보안등,역삼1동 605,37.5064025582,127.03180351700001
118,보안등,역삼1동 605,37.5064025582,127.03180351700001
119,보안등,역삼1동 610,37.5055879504,127.032169609
120,보안등,역삼1동 610,37.5055879504,127.032169609
121,보안등,역삼1동 611-3,37.5054727635,127.031644785
122,보안등,역삼1동 611-3,37.5054727635,127.031644785
123,보안등,역삼1동 610,37.5055879504,127.032169609
124,보안등,역삼1동 610,37.5055879504,127.032169609
125,보안등,역삼1동 610,37.5055879504,127.032169609
126,보안등,역삼1동 652-13,37.5075039773,127.036671848
127,보안등,역삼1동 635-13,37.499879887,127.029453013
128,보안등,역삼1동 635-11,37.4999772964,127.02904592899999
129,보안등,역삼1동 819-4,37.4995267409,127.02925836200001
130,보안등,역삼1동 649-2,37.4997536061,127.03000936299999
131,보안등,역삼1동 649-2,37.4997536061,127.03000936299999
132,보안등,역삼1동 649-4,37.4998796428,127.030416535
133,보안등,역삼1동 635-1,37.5009609621,127.029978181
134,보안등,역삼1동 635-1,37.5009609621,127.029978181
135,보안등,역삼1동 635-1,37.5009609621,127.029978181
136,보안등,역삼1동 635-12,37.500042070300005,127.02944403
137,보안등,역삼1동 635-12,37.500042070300005,127.02944403
138,보안등,역삼1동 635-9,37.5002511285,127.02934459299999
139,보안등,역삼1동 635-6,37.5006656494,127.029109527
140,보안등,역삼1동 622-10,37.502910881700004,127.029408966
141,보안등,역삼1동 622-4,37.5030730357,127.02951760100001
142,보안등,역삼1동 634,37.5031414154,127.02990214799999
143,보안등,역삼1동 634,37.5031414154,127.02990214799999
144,보안등,역삼1동 623-15,37.503426160500005,127.02979369100001
145,보안등,역삼1동 623-14,37.5035234474,127.029879682
146,보안등,역삼1동 623-17,37.5032278417,127.03017813299999
147,보안등,역삼1동 623-19,37.503061973099996,127.030503778
148,보안등,역삼1동 634-4,37.5028566378,127.03013727
149,보안등,역삼1동 633-9,37.5024492459,127.030670907
150,보안등,역삼1동 633-9,37.5024492459,127.030670907
151,보안등,역삼1동 681-39,37.5089582502,127.04193411700001
152,보안등,역삼1동 681-39,37.5089582502,127.04193411700001
153,보안등,역삼1동 681-30,37.5088394582,127.04153592799999
154,보안등,역삼1동 681-37,37.5090196033,127.041694373
155,보안등,역삼1동 681-22,37.508753068000004,127.041232765
156,보안등,역삼1동 681-29,37.5088034625,127.041409233
157,보안등,역삼1동 681-23,37.5088684139,127.04118306299999
158,보안등,역삼1동 681-21,37.5087134679,127.04110606799999
159,보안등,역삼1동 687-4,37.5081189879,127.040576425
160,보안등,역삼1동 687-11,37.5084936023,127.041164761
161,보안등,역삼1동 687-11,37.5084936023,127.041164761
162,보안등,역삼1동 686-12,37.5077438842,127.0413996
163,보안등,역삼1동 687-9,37.5080719652,127.041069524
164,보안등,역삼1동 687-3,37.5079531657,127.04068491299999
165,보안등,역삼1동 687-3,37.5079531657,127.04068491299999
166,보안등,역삼1동 686-4,37.507578274299995,127.04089734
167,보안등,역삼1동 686,37.5076865041,127.040580715
168,보안등,역삼1동 687-12,37.5083350003,127.041237059
169,보안등,역삼1동 687-12,37.5083350003,127.041237059
170,보안등,역삼1동 684,37.5086592015,127.041694172
171,보안등,역삼1동 684,37.5086592015,127.041694172
172,보안등,역삼1동 684-4,37.5082915228,127.041888503
173,보안등,역삼1동 684-4,37.5082915228,127.041888503
174,보안등,역삼1동 687-14,37.5081835587,127.041445083
175,보안등,역삼1동799-18,37.4922582329,127.03892595200001
176,보안등,역삼1동799-16,37.4921178269,127.03846452200001
177,보안등,역삼1동794-30,37.492305377,127.038030399
178,보안등,역삼1동794-27,37.4923667398,127.03773642700001
179,보안등,역삼1동794-24,37.4925685465,127.03779532899999
180,보안등,역삼1동794-29,37.4921937073,127.037858464
181,보안등,역삼1동799-13,37.4918910268,127.037677387
182,보안등,역삼1동799-10,37.491656798,127.037573239
183,보안등,역삼1동799-5,37.4918190037,127.03749642700001
184,보안등,역삼1동 623-22,37.5034404894,127.030137505
185,보안등,역삼1동 623-12,37.503710821,127.030019994
186,보안등,역삼1동 624-18,37.5039197582,127.030395555
187,보안등,역삼1동 613-5,37.5042044899,127.030341385
188,보안등,역삼1동 613-8,37.5043774585,127.030436455
189,보안등,역삼1동 613-8,37.5043774585,127.030436455
190,보안등,역삼1동 613-14,37.504665716999995,127.03068086100001
191,보안등,역삼1동 613-10,37.5045973189,127.030377734
192,보안등,역삼1동 613-20,37.5049503698,127.030929791
193,보안등,역삼1동798-14,37.492629071399996,127.040052406
194,보안등,역삼1동798-32,37.4923912942,127.039789938
195,보안등,역삼1동798-25,37.4928094767,127.03944640000002
196,보안등,역삼1동798-29,37.4924887529,127.03934220000001
197,보안등,역삼1동798-25,37.4928094767,127.03944640000002
198,보안등,역삼1동798-25,37.4928094767,127.03944640000002
199,보안등,역삼1동795-41,37.4927557517,127.038428664
200,보안등,역삼1동 686-1,37.5075927763,127.040648525
201,보안등,역삼1동 653-4,37.5078819015,127.03824188200001
202,보안등,역삼1동 653-4,37.5078819015,127.03824188200001
203,보안등,역삼1동 653-4,37.5078819015,127.03824188200001
204,보안등,역삼1동 653-4,37.5078819015,127.03824188200001
205,보안등,역삼1동 653-4,37.5078819015,127.03824188200001
206,보안등,역삼1동 653-4,37.5078819015,127.03824188200001
207,보안등,역삼1동 652-10,37.5076155904,127.03702930200001
208,보안등,역삼1동794-28,37.4921938127,127.037528276
209,보안등,역삼1동794-32,37.4923666658,127.03796710600001
210,보안등,역삼1동799-2,37.4917073974,127.037120955
211,보안등,역삼1동794-2,37.4933904829,127.03710821899999
212,보안등,역삼1동747-6,37.4959167081,127.03773368899999
213,보안등,역삼1동747-6,37.4959167081,127.03773368899999
214,보안등,역삼1동747-8,37.496078892199996,127.037724724
215,보안등,역삼1동747-14,37.4964138935,127.038263174
216,보안등,역삼1동747-14,37.4964138935,127.038263174
217,보안등,역삼1동747-10,37.4962410719,127.037729329
218,보안등,역삼1동749-9,37.495747988299996,127.03557597700001
219,보안등,역삼1동747,37.496093429,127.03734477
220,보안등,역삼1동747-1,37.495855566100005,127.037335605
221,보안등,역삼1동748-20,37.4959927274,127.03667074200001
222,보안등,역삼1동748-20,37.4959927274,127.03667074200001
223,보안등,역삼1동748-29,37.4956178848,127.036747455
224,보안등,역삼1동 633-26,37.5021356488,127.03085172700001
225,보안등,역삼1동 633-26,37.5021356488,127.03085172700001
226,보안등,역삼1동 633-24,37.5023806892,127.030978492
227,보안등,역삼1동 633-22,37.5025932837,127.031141435
228,보안등,역삼1동 633-21,37.5025212651,127.030906171
229,보안등,역삼1동 633-4,37.502636628000005,127.03077503
230,보안등,역삼1동 633-5,37.5028960917,127.03087465899999
231,보안등,역삼1동 633-5,37.5028960917,127.03087465899999
232,보안등,역삼1동 624-24,37.5032817173,127.03089291299999
233,보안등,역삼1동 623-21,37.5031772748,127.030607872
234,보안등,역삼1동 624-23,37.5034402729,127.030974406
235,보안등,역삼1동 624-23,37.5034402729,127.030974406
236,보안등,역삼1동 623-25,37.503346743200005,127.03030032299999
237,보안등,역삼1동 624-39,37.5035953951,127.030399948
238,보안등,역삼1동 623-22,37.5034404894,127.030137505
239,보안등,역삼1동 613-17,37.5047918283,127.03079401
240,보안등,역삼1동 613-19,37.505040514,127.030762445
241,보안등,역삼1동 613-20,37.5049503698,127.030929791
242,보안등,역삼1동 624,37.5046656093,127.03109253299999
243,보안등,역삼1동 624,37.5046656093,127.03109253299999
244,보안등,역삼1동 612-9,37.5046294492,127.031544904
245,보안등,역삼1동 685-1,37.5079094325,127.042069252
246,보안등,역삼1동 685-2,37.5077832709,127.042127994
247,보안등,역삼1동 684-5,37.5083311188,127.04202424799999
248,보안등,역삼1동 684-6,37.5084247782,127.042150975
249,보안등,역삼1동 684-12,37.5084030764,127.042368119
250,보안등,역삼1동 684-14,37.5086625169,127.042503989
251,보안등,역삼1동 684-9,37.5087166746,127.04223257299999
252,보안등,역삼1동 681-41,37.5091781177,127.04187090200001
253,보안등,역삼1동 684-27,37.5088785861,127.042979144
254,보안등,역삼1동 683-39,37.5089432062,127.04366684799999
255,보안등,역삼1동 683-1,37.5090080233,127.04381618200001
256,보안등,역삼1동 682-12,37.5095163268,127.043445498
257,보안등,역삼1동 682-14,37.5093324853,127.043544923
258,보안등,역삼1동 682-14,37.5093324853,127.043544923
259,보안등,역삼1동 682-4,37.5092317189,127.04314674
260,보안등,역삼1동 682-9,37.5096029046,127.043223865
261,보안등,역삼1동 682-9,37.5096029046,127.043223865
262,보안등,역삼1동 682,37.5096535648,127.04266289700001
263,보안등,역삼1동 682,37.5096535648,127.04266289700001
264,보안등,역삼1동 682-12,37.5095163268,127.043445498
265,보안등,역삼1동 682-12,37.5095163268,127.043445498
266,보안등,역삼1동 682-12,37.5095163268,127.043445498
267,보안등,역삼1동 686-3,37.5073584197,127.04092436399999
268,보안등,역삼1동 686-3,37.5073584197,127.04092436399999
269,보안등,역삼1동748-7,37.495690121799996,127.03624087799999
270,보안등,역삼1동749-15,37.495683041999996,127.035820206
271,보안등,역삼1동749-6,37.496007493200004,127.03552634299999
272,보안등,역삼1동749-6,37.496007493200004,127.03552634299999
273,보안등,역삼1동749-21,37.4962236597,127.03577523
274,보안등,역삼1동748-10,37.4954306928,127.03604172700001
275,보안등,역삼1동748-14,37.4950991444,127.035969195
276,보안등,역삼1동 624-41,37.5045791331,127.031015591
277,보안등,역삼1동 624-9,37.5043087946,127.031155719
278,보안등,역삼1동 686-1,37.5075927763,127.040648525
279,보안등,역삼1동 686-1,37.5075927763,127.040648525
280,보안등,역삼1동 690-27,37.5072283228,127.041928626
281,보안등,역삼1동 690-35,37.5068929925,127.042367266
282,보안등,역삼1동 690-17,37.506723813,127.04177905200001
283,보안등,역삼1동 690-24,37.506921978,127.04193750200001
284,보안등,역삼1동 690-20,37.507073524,127.041435422
285,보안등,역삼1동 690-20,37.507073524,127.041435422
286,보안등,역삼1동 686-20,37.5073979364,127.041290832
287,보안등,역삼1동 689-34,37.5070304884,127.040824657
288,보안등,역삼1동 670-1,37.5039069037,127.03750247200001
289,보안등,역삼1동 670-1,37.5039069037,127.03750247200001
290,보안등,역삼1동 670-3,37.503708726999996,127.037362135
291,보안등,역삼1동 689-26,37.5061363962,127.041670149
292,보안등,역삼1동 689-26,37.5061363962,127.041670149
293,보안등,역삼1동 690-15,37.506449808,127.042059385
294,보안등,역삼1동 690-15,37.506449808,127.042059385
295,보안등,역삼1동 690-17,37.506723813,127.04177905200001
296,보안등,역삼1동 817-5,37.5004497622,127.027634745
297,보안등,역삼1동 817-20,37.5003378778,127.028308721
298,보안등,역삼1동 817-23,37.500373882199995,127.028458014
299,보안등,역삼1동 817-27,37.500701783800004,127.02872503200001
300,보안등,역삼1동 817-38,37.5008747901,127.028670815
301,보안등,역삼1동 817-38,37.5008747901,127.028670815
302,보안등,역삼1동 620-9,37.5009830821,127.027956121
303,보안등,역삼1동 817-26,37.5004747171,127.028779229
304,보안등,역삼1동 817-22,37.5001792398,127.02856198299999
305,보안등,역삼1동791,37.494547138899996,127.03785512799999
306,보안등,역삼1동790-20,37.4947057783,127.03766070799999
307,보안등,역삼1동789-14,37.4948176692,127.037136065
308,보안등,역삼1동791-2,37.4946551447,127.038212521
309,보안등,역삼1동791-2,37.4946551447,127.038212521
310,보안등,역삼1동791-8,37.494564978,127.038416021
311,보안등,역삼1동791-5,37.4947919505,127.038664917
312,보안등,역삼1동791-5,37.4947919505,127.038664917
313,보안등,역삼1동791-6,37.4946657888,127.03872817799999
314,보안등,역삼1동791-6,37.4946657888,127.03872817799999
315,보안등,역삼1동791-10,37.494471371399996,127.038112915
316,보안등,역삼1동797-5,37.4948350019,127.03926201200001
317,보안등,역삼1동797-1,37.4949071619,127.039022316
318,보안등,역삼1동797-15,37.4944385002,127.039438211
319,보안등,역삼1동796-3,37.4939845205,127.03905349799999
320,보안등,역삼1동796-3,37.4939845205,127.03905349799999
321,보안등,역삼1동796-2,37.4939449225,127.038913258
322,보안등,역삼1동796-2,37.4939449225,127.038913258
323,보안등,역삼1동796-6,37.4937359261,127.03880006899999
324,보안등,역삼1동 682-1,37.5093399628,127.042807491
325,보안등,역삼1동 684-21,37.508947138,127.042771074
326,보안등,역삼1동 684-7,37.508691519,127.04202897399999
327,보안등,역삼1동 681-39,37.5089582502,127.04193411700001
328,보안등,역삼1동796-11,37.4936133087,127.03904425799999
329,보안등,역삼1동795-3,37.493772127199996,127.03830705799999
330,보안등,역삼1동792-59,37.4939703956,127.038162416
331,보안등,역삼1동792-82,37.493934403400004,127.038013132
332,보안등,역삼1동792-5,37.4932683136,127.035918562
333,보안등,역삼1동792-5,37.4932683136,127.035918562
334,보안등,역삼1동792-76,37.4938839863,127.037890979
335,보안등,역삼1동792-75,37.49405701,127.037796079
336,보안등,역삼1동792-81,37.4937507757,127.03745668399999
337,보안등,역삼1동794-5,37.493393966999996,127.037488168
338,보안등,역삼1동795-8,37.4932568942,127.037863524
339,보안등,역삼1동795-13,37.4932063505,127.03813488799999
340,보안등,역삼1동794-12,37.4930947866,127.03763276
341,보안등,역삼1동 619-10,37.5023850567,127.02791593
342,보안등,역삼1동 622-22,37.5024101629,127.028427121
343,보안등,역삼1동 622-21,37.5024966235,127.02857643700001
344,보안등,역삼1동 622-17,37.5026082401,127.02901980600001
345,보안등,역삼1동 622-16,37.5026911692,127.028870554
346,보안등,역삼1동 622-11,37.502723515300005,127.029236991
347,보안등,역삼1동 621-13,37.502446024499996,127.029159979
348,보안등,역삼1동 621-33,37.501984657,127.029372414
349,보안등,역삼1동 621-33,37.501984657,127.029372414
350,보안등,역삼1동 621-26,37.501959579099996,127.02876170399999
351,보안등,역삼1동 620-24,37.5017395969,127.029318033
352,보안등,역삼1동 620-21,37.501299967600005,127.02906906
353,보안등,역삼1동 620-21,37.501299967600005,127.02906906
354,보안등,역삼1동 620-20,37.5014261173,127.029032919
355,보안등,역삼1동 620-13,37.5013000318,127.02880668700001
356,보안등,역삼1동 620-7,37.5012533538,127.028082884
357,보안등,역삼1동 817-35,37.500705555100005,127.028028395
358,보안등,역삼1동 817-1,37.5005975451,127.027557898
359,보안등,역삼1동 817-22,37.5001792398,127.02856198299999
360,보안등,역삼1동 817-25,37.5002548771,127.02875652600001
361,보안등,역삼1동 817-17,37.4999883361,127.028105028
362,보안등,역삼1동 817-16,37.5001144909,127.028046269
363,보안등,역삼1동 690-40,37.5067235646,127.04247574600001
364,보안등,역삼1동 690-41,37.5068784542,127.04270655799999
365,보안등,역삼1동 690-14,37.5063200181,127.042185984
366,보안등,역삼1동 689-23,37.505909287,127.041828361
367,보안등,역삼1동 701,37.503861723200004,127.043161745
368,보안등,역삼1동 701,37.503861723200004,127.043161745
369,보안등,역삼1동 701,37.503861723200004,127.043161745
370,보안등,역삼1동 701,37.503861723200004,127.043161745
371,보안등,역삼1동 703-5,37.5042505168,127.04435173899999
372,보안등,역삼1동 703-8,37.5043188841,127.044641305
373,보안등,역삼1동 703-8,37.5043188841,127.044641305
374,보안등,역삼1동 704-45,37.504650127800005,127.04549651299999
375,보안등,역삼1동 704-55,37.5047004196,127.04592178700001
376,보안등,역삼1동 704-53,37.504743569,127.04617515
377,보안등,역삼1동 704-51,37.5048804421,127.04637880899999
378,보안등,역삼1동 697-45,37.5050244674,127.046722714
379,보안등,역삼1동 697-45,37.5050244674,127.046722714
380,보안등,역삼1동 697-45,37.5050244674,127.046722714
381,보안등,역삼1동 696-5,37.5054134802,127.04727939700001
382,보안등,역삼1동 696-5,37.5054134802,127.04727939700001
383,보안등,역삼1동 696-18,37.505589908000005,127.04770023299999
384,보안등,역삼1동 705-17,37.5050600218,127.04793513799999
385,보안등,역삼1동 705-32,37.5050060367,127.047749625
386,보안등,역삼1동 705-8,37.504894425100005,127.04746907299999
387,보안등,역삼1동 705-5,37.5047972307,127.04718400700001
388,보안등,역삼1동 681-50,37.5094049966,127.042359637
389,보안등,역삼1동 681-50,37.5094049966,127.042359637
390,보안등,역삼1동 818-3,37.4998152922,127.028317571
391,보안등,역삼1동 819,37.4992062402,127.028199729
392,보안등,역삼1동 819,37.4992062402,127.028199729
393,보안등,역삼1동 818-12,37.4995846075,127.028430573
394,보안등,역삼1동 818-10,37.4996854391,127.028765355
395,보안등,역삼1동 818-10,37.4996854391,127.028765355
396,보안등,역삼1동 819-3,37.4994547196,127.029018586
397,보안등,역삼1동 635-13,37.499879887,127.029453013
398,보안등,역삼1동 681-13,37.508782022800006,127.04087990000001
399,보안등,역삼1동 681-15,37.5090127175,127.04077144700001
400,보안등,역삼1동 681-4,37.508576678000004,127.040635487
401,보안등,역삼1동 681-6,37.5088109765,127.040527035
402,보안등,역삼1동 681-6,37.5088109765,127.040527035
403,보안등,역삼1동 680-1,37.5083102687,127.03978933799999
404,보안등,역삼1동 681-1,37.5088687012,127.040350625
405,보안등,역삼1동 681-1,37.5088687012,127.040350625
406,보안등,역삼1동794-3,37.4934661219,127.03725299799999
407,보안등,역삼1동792-46,37.4938950283,127.03716727
408,보안등,역삼1동792-32,37.4936283927,127.036968117
409,보안등,역삼1동794,37.4933292965,127.036845844
410,보안등,역삼1동794-1,37.4933688999,127.03697703600001
411,보안등,역삼1동794-16,37.4928821893,127.037506005
412,보안등,역삼1동793-8,37.493149136,127.036714584
413,보안등,역삼1동793-18,37.4928535832,127.03678680899999
414,보안등,역삼1동794-9,37.4930517,127.037121621
415,보안등,역삼1동793-22,37.4925653325,127.03655598799999
416,보안등,역삼1동793-20,37.4926733846,127.036777675
417,보안등,역삼1동793-30,37.4924715294,127.03687256100001
418,보안등,역삼1동793-22,37.4925653325,127.03655598799999
419,보안등,역삼1동793-14,37.4927997251,127.036130926
420,보안등,역삼1동794-20,37.4927055574,127.037614472
421,보안등,역삼1동795-15,37.493022596100005,127.037976484
422,보안등,역삼1동795-15,37.493022596100005,127.037976484
423,보안등,역삼1동795-16,37.493087398600004,127.03819362899999
424,보안등,역삼1동795-11,37.4931990383,127.03845603
425,보안등,역삼1동796-8,37.493591808000005,127.038668822
426,보안등,역삼1동796-26,37.4932854077,127.03884506799999
427,보안등,역삼1동796-15,37.493397074499995,127.03902153
428,보안등,역삼1동796-15,37.493397074499995,127.03902153
429,보안등,역삼1동796-14,37.4934438729,127.039184389
430,보안등,역삼1동796-13,37.4934834767,127.039306536
431,보안등,역삼1동797-24,37.4936419709,127.039555395
432,보안등,역삼1동797-21,37.4939915008,127.03973650799999
433,보안등,역삼1동797-21,37.4939915008,127.03973650799999
434,보안등,역삼1동798-1,37.493209375,127.03988988200001
435,보안등,역삼1동798-5,37.4930615747,127.03999383600001
436,보안등,역삼1동798-24,37.4928094253,127.039600188
437,보안등,역삼1동798-10,37.492931820500004,127.04002090600001
438,보안등,역삼1동 613-18,37.505134262,127.030595099
439,보안등,역삼1동 613-18,37.505134262,127.030595099
440,보안등,역삼1동 613-19,37.505040514,127.030762445
441,보안등,역삼1동 614-24,37.5050839047,127.030210548
442,보안등,역삼1동 613-12,37.504846003400004,127.03035069200001
443,보안등,역삼1동 613-12,37.504846003400004,127.03035069200001
444,보안등,역삼1동 613-10,37.5045973189,127.030377734
445,보안등,역삼1동 613-6,37.504557745300005,127.03010176299999
446,보안등,역삼1동 614-10,37.5045001886,127.02967649700001
447,보안등,역삼1동 614-8,37.5043560595,127.029549773
448,보안등,역삼1동 623-1,37.504172165599996,127.02990255899999
449,보안등,역삼1동 623-1,37.504172165599996,127.02990255899999
450,보안등,역삼1동 623-1,37.504172165599996,127.02990255899999
451,보안등,역삼1동 623-9,37.5037973611,127.029848124
452,보안등,역삼1동 623-9,37.5037973611,127.029848124
453,보안등,역삼1동 623-7,37.503667644800004,127.029734977
454,보안등,역삼1동 623-7,37.503667644800004,127.029734977
455,보안등,역삼1동 623-6,37.5036497153,127.029373066
456,보안등,역삼1동 618-1,37.503646215100005,127.028952351
457,보안등,역삼1동 670-7,37.5036005144,127.03765160399999
458,보안등,역삼1동 670-8,37.5036617177,127.037855206
459,보안등,역삼1동 671-29,37.5041445926,127.038054499
460,보안등,역삼1동671-29,37.5041445926,127.038054499
461,보안등,역삼1동 664-7,37.5047355349,127.03841670799999
462,보안등,역삼1동 664-6,37.5048220446,127.038376038
463,보안등,역삼1동 664-5,37.504980598,127.038448501
464,보안등,역삼1동 663-19,37.5053879155,127.038254182
465,보안등,역삼1동 663-19,37.5053879155,127.038254182
466,보안등,역삼1동 663-19,37.5053879155,127.038254182
467,보안등,역삼1동 664-1,37.505175195999996,127.038507411
468,보안등,역삼1동 663-4,37.5056617314,127.038530281
469,보안등,역삼1동 663,37.5056690715,127.038123131
470,보안등,역삼1동 675-3,37.5046480787,127.041262174
471,보안등,역삼1동 675-3,37.5046480787,127.041262174
472,보안등,역삼1동 680-1,37.5083102687,127.03978933799999
473,보안등,역삼1동 684-27,37.5088785861,127.042979144
474,보안등,역삼1동 650-5,37.5072882493,127.03497975799999
475,보안등,역삼1동616-14,37.503516741,127.027825875
476,보안등,역삼1동 617-4,37.5031022998,127.027735246
477,보안등,역삼1동 617-6,37.5032716558,127.027875546
478,보안등,역삼1동 618-8,37.5032535497,127.028237442
479,보안등,역삼1동 618-7,37.5031634036,127.028427406
480,보안등,역삼1동 618-2,37.5035490187,127.028490886
481,보안등,역삼1동 618-2,37.5035490187,127.028490886
482,보안등,역삼1동 616-9,37.5039671157,127.028364377
483,보안등,역삼1동 614-1,37.5039417504,127.028929846
484,보안등,역삼1동 613-22,37.5053324196,127.03083947100001
485,보안등,역삼1동 614-24,37.5050839047,127.030210548
486,보안등,역삼1동 614-3,37.5039849229,127.02923748200001
487,보안등,역삼1동 623-2,37.5040604855,127.029726085
488,보안등,역삼1동 671-32,37.5042453925,127.038402885
489,보안등,역삼1동 672-3,37.5041335674,127.03871044899999
490,보안등,역삼1동 672-5,37.5038452012,127.038846014
491,보안등,역삼1동 671-25,37.5034415686,127.03879152
492,보안등,역삼1동 672-25,37.503513580500005,127.038999652
493,보안등,역삼1동 671-22,37.5032469767,127.038714515
494,보안등,역삼1동 671-16,37.503477743299996,127.038379873
495,보안등,역삼1동 671-16,37.503477743299996,127.038379873
496,보안등,역삼1동 671-24,37.5035893572,127.038719215
497,보안등,역삼1동 671-5,37.5038057591,127.03822623100001
498,보안등,역삼1동 671-13,37.5034273325,127.03823961
499,보안등,역삼1동 671-15,37.5031353612,127.03837969799999
500,보안등,역삼1동 670-16,37.5031499452,127.037859471
501,보안등,역삼1동 669-14,37.5029951293,127.037366303
502,보안등,역삼1동 670-10,37.503459937399995,127.037714867
503,보안등,역삼1동 670-10,37.503459937399995,127.037714867
504,보안등,역삼1동 669-12,37.5033447708,127.037203621
505,보안등,역삼1동 670-4,37.5037699293,127.03757026
506,보안등,역삼1동789-7,37.49472064,127.036235887
507,보안등,역삼1동792-35,37.4940537399,127.036737643
508,보안등,역삼1동792-34,37.4939239752,127.036800904
509,보안등,역삼1동792-22,37.493794360500004,127.036380182
510,보안등,역삼1동792-26,37.4940069548,127.036520505
511,보안등,역삼1동792-36,37.4941835045,127.036674381
512,보안등,역삼1동792-38,37.4940897379,127.036873357
513,보안등,역삼1동792-45,37.494057181,127.037257815
514,보안등,역삼1동792-42,37.4942735108,127.03697748200001
515,보안등,역삼1동792-43,37.4943239146,127.03714486700001
516,보안등,역삼1동792-52,37.494424730300004,127.037452497
517,보안등,역삼1동792-55,37.494193986199996,127.037723776
518,보안등,역삼1동792-57,37.4941146208,127.03796346799999
519,보안등,역삼1동791-13,37.494370428,127.03820785200001
520,보안등,역삼1동791-11,37.494431780999996,127.037945535
521,보안등,역삼1동 622-7,37.5033326363,127.02906984799999
522,보안등,역삼1동 622-7,37.5033326363,127.02906984799999
523,보안등,역삼1동 622-6,37.5032497081,127.029214577
524,보안등,역삼1동 622-5,37.50317399,127.029350261
525,보안등,역삼1동 622-9,37.5030587728,127.028897839
526,보안등,역삼1동 621-11,37.502251434099996,127.029051334
527,보안등,역삼1동 621-7,37.5021433974,127.02870749
528,보안등,역삼1동 621-4,37.502096639,127.028318433
529,보안등,역삼1동 621-1,37.5019741927,127.027938395
530,보안등,역삼1동 619-13,37.5019310411,127.027526722
531,보안등,역삼1동 619-12,37.5020823794,127.027657966
532,보안등,역삼1동 834-36,37.493366108800004,127.03428121700001
533,보안등,역삼1동 834-38,37.4936184262,127.034159205
534,보안등,역삼1동 834-43,37.4939680573,127.034019145
535,보안등,역삼1동 692-7,37.5067159294,127.043647455
536,보안등,역삼1동 692-7,37.5067159294,127.043647455
537,보안등,역삼1동 692-8,37.506842041599995,127.043724436
538,보안등,역삼1동 692-18,37.5072926791,127.043358253
539,보안등,역삼1동 692-19,37.507195309000004,127.043525586
540,보안등,역삼1동 691,37.5068603406,127.042964415
541,보안등,역삼1동 691,37.5068603406,127.042964415
542,보안등,역삼1동 692-26,37.507303389499995,127.043634225
543,보안등,역삼1동 693-9,37.507530318600004,127.043969136
544,보안등,역삼1동 701,37.503861723200004,127.043161745
545,보안등,역삼1동 693,37.5078117142,127.043204736
546,보안등,역삼1동789-30,37.4941153818,127.03551640100001
547,보안등,역삼1동834-47,37.4943425626,127.03509132299999
548,보안등,역삼1동834-103,37.4937622265,127.03538506
549,보안등,역삼1동834-104,37.493704620100004,127.035190535
550,보안등,역삼1동834-58,37.493628853000004,127.035466415
551,보안등,역삼1동834-59,37.4935856454,127.035330699
552,보안등,역삼1동834-61,37.4933585984,127.035307976
553,보안등,역삼1동834-64,37.4932251557,127.03562001200001
554,보안등,역삼1동834-66,37.4931675483,127.035430012
555,보안등,역삼1동792-7,37.4934988816,127.03621268
556,보안등,역삼1동793-9,37.4930879026,127.036601474
557,보안등,역삼1동792-16,37.4937331365,127.03623541
558,보안등,역삼1동792-14,37.4939313871,127.036140518
559,보안등,역삼1동792-13,37.494025105700004,127.036095331
560,보안등,역삼1동792-25,37.494125904499995,127.036466284
561,보안등,역삼1동789-24,37.4943097434,127.036357816
562,보안등,역삼1동 622-9,37.5030587728,127.028897839
563,보안등,역삼1동 622-20,37.5025939724,127.028409095
564,보안등,역삼1동 618-19,37.5026048581,127.028101485
565,보안등,역삼1동 619-8,37.5023382809,127.02759020399999
566,보안등,역삼1동 619-7,37.5021833385,127.027458959
567,보안등,역삼1동 619-6,37.502032,127.027327716
568,보안등,역삼1동 619-15,37.5016392611,127.0268933
569,보안등,역삼1동 619-22,37.5016211955,127.027092335
570,보안등,역삼1동 619-22,37.5016211955,127.027092335
571,보안등,역삼1동 619-21,37.5014842239,127.027173712
572,보안등,역삼1동 619-19,37.5011634304,127.0273274
573,보안등,역삼1동 619-19,37.5011634304,127.0273274
574,보안등,역삼1동 619-19,37.5011634304,127.0273274
575,보안등,역삼1동 619-29,37.501022803000005,127.027630433
576,보안등,역삼1동 619-24,37.5013976604,127.027463195
577,보안등,역삼1동 621-16,37.5015273067,127.027883945
578,보안등,역삼1동 620-3,37.5015019394,127.028467489
579,보안등,역삼1동 620-3,37.5015019394,127.028467489
580,보안등,역삼1동 621-24,37.5017469802,127.02860329299999
581,보안등,역삼1동 621-24,37.5017469802,127.02860329299999
582,보안등,역삼1동836-34,37.4923931633,127.033787751
583,보안등,역삼1동836-34,37.4923931633,127.033787751
584,보안등,역삼1동836-32,37.4922093965,127.033651975
585,보안등,역삼1동836-78,37.492166078400004,127.033896204
586,보안등,역삼1동833,37.4933487196,127.032033186
587,보안등,역삼1동833,37.4933487196,127.032033186
588,보안등,역삼1동833,37.4933487196,127.032033186
589,보안등,역삼1동833,37.4933487196,127.032033186
590,보안등,역삼1동833,37.4933487196,127.032033186
591,보안등,역삼1동833,37.4933487196,127.032033186
592,보안등,역삼1동833,37.4933487196,127.032033186
593,보안등,역삼1동833,37.4933487196,127.032033186
594,보안등,역삼1동833,37.4933487196,127.032033186
595,보안등,역삼1동833,37.4933487196,127.032033186
596,보안등,역삼1동833,37.4933487196,127.032033186
597,보안등,역삼1동833,37.4933487196,127.032033186
598,보안등,역삼1동833,37.4933487196,127.032033186
599,보안등,역삼1동833,37.4933487196,127.032033186
600,보안등,역삼1동833,37.4933487196,127.032033186
601,보안등,역삼1동836-21,37.4909840112,127.033705702
602,보안등,역삼1동836-18,37.4914597804,127.033574746
603,보안등,역삼1동836-6,37.4917589916,127.033303495
604,보안등,역삼1동836-7,37.4917913959,127.033416587
605,보안등,역삼1동836-28,37.492054458,127.033529782
606,보안등,역삼1동836-27,37.4921661983,127.03347555399999
607,보안등,역삼1동833,37.4933487196,127.032033186
608,보안등,역삼1동833,37.4933487196,127.032033186
609,보안등,역삼1동833,37.4933487196,127.032033186
610,보안등,역삼1동833,37.4933487196,127.032033186
611,보안등,역삼1동833,37.4933487196,127.032033186
612,보안등,역삼1동833,37.4933487196,127.032033186
613,보안등,역삼1동833,37.4933487196,127.032033186
614,보안등,역삼1동615-3,37.504432221900004,127.02757287899999
615,보안등,역삼1동615-20,37.50455106,127.02797554600001
616,보안등,역삼1동615-20,37.50455106,127.02797554600001
617,보안등,역삼1동615-20,37.50455106,127.02797554600001
618,보안등,역삼1동615-20,37.50455106,127.02797554600001
619,보안등,역삼1동615-27,37.5047743125,127.02879445100001
620,보안등,역삼1동615-29,37.5048823388,127.02917902200001
621,보안등,역삼1동615-29,37.5048823388,127.02917902200001
622,보안등,역삼1동614-17,37.5049831149,127.029726451
623,보안등,역삼1동604,37.505426326999995,127.030052349
624,보안등,역삼1동604,37.505426326999995,127.030052349
625,보안등,역삼1동604,37.505426326999995,127.030052349
626,보안등,역삼1동603-11,37.5057218728,127.02998913200001
627,보안등,역삼1동603-11,37.5057218728,127.02998913200001
628,보안등,역삼1동604-2,37.5058334957,127.030387283
629,보안등,역삼1동604-2,37.5058334957,127.030387283
630,보안등,역삼1동604-1,37.5055956617,127.030265041
631,보안등,역삼1동615-30,37.5049760064,127.029328347
632,보안등,역삼1동 664-18,37.5050812337,127.03928999600001
633,보안등,역삼1동 664-10,37.5051606226,127.038986937
634,보안등,역삼1동 664-14,37.5053732074,127.039145384
635,보안등,역삼1동 663-28,37.5057479141,127.03948035100001
636,보안등,역삼1동 663-27,37.505701113200004,127.039326512
637,보안등,역삼1동 664-4,37.505326411999995,127.038973451
638,보안등,역삼1동 664-11,37.5050020412,127.039000426
639,보안등,역삼1동 672-19,37.5045911664,127.039049975
640,보안등,역삼1동 673-3,37.5043603934,127.039398191
641,보안등,역삼1동 672-22,37.5041478029,127.03925784
642,보안등,역삼1동 673-5,37.504068420799996,127.039538276
643,보안등,역삼1동 673-25,37.5037440089,127.039687391
644,보안등,역삼1동 673-26,37.5035998237,127.039759695
645,보안등,역삼1동 672-33,37.5036215902,127.039334469
646,보안등,역삼1동 672-28,37.5037081723,127.039076658
647,보안등,역삼1동 672-16,37.5041009986,127.039113053
648,보안등,역삼1동 672-15,37.5042487859,127.039045273
649,보안등,역삼1동 672-14,37.504396573200005,127.038977492
650,보안등,역삼1동615-1,37.5043169824,127.02718831
651,보안등,역삼1동615-2,37.504374600700004,127.02738738
652,보안등,역삼1동615-2,37.504374600700004,127.02738738
653,보안등,역삼1동 736-37,37.4993774335,127.034935355
654,보안등,역삼1동 827-32,37.4964808526,127.03116151299999
655,보안등,역삼1동 827-38,37.4967259562,127.03104853
656,보안등,역삼1동 824,37.4982652205,127.029705694
657,보안등,역삼1동 824-9,37.4975405875,127.030582954
658,보안등,역삼1동 824-9,37.4975405875,127.030582954
659,보안등,역삼1동 617-6,37.5032716558,127.027875546
660,보안등,역삼1동 680-1,37.5083102687,127.03978933799999
661,보안등,역삼1동 671-30,37.5043211459,127.038190303
662,보안등,역삼1동 664-44,37.5048616093,127.038620347
663,보안등,역삼1동 664-18,37.5050812337,127.03928999600001
664,보안등,역삼1동 792-26,37.4940069548,127.036520505
665,보안등,역삼1동615-31,37.5047381992,127.029093012
666,보안등,역삼1동614-7,37.5043489425,127.029183338
667,보안등,역삼1동615-33,37.5044823835,127.02880791
668,보안등,역삼1동614-7,37.5043489425,127.029183338
669,보안등,역삼1동615-45,37.5042553774,127.028613298
670,보안등,역삼1동615-21,37.5043924195,127.028242394
671,보안등,역삼1동616-8,37.5039455435,127.028147226
672,보안등,역삼1동616-7,37.5038482693,127.028002427
673,보안등,역삼1동615-17,37.5039997383,127.027577244
674,보안등,역삼1동615-11,37.5040682767,127.027310363
675,보안등,역삼1동617-5,37.503217640100004,127.027685527
676,보안등,역삼1동 674-5,37.504417800300004,127.04016275200001
677,보안등,역삼1동 674-7,37.5044825801,127.04043421799999
678,보안등,역삼1동 674-9,37.5042519891,127.04023956799999
679,보안등,역삼1동 674-10,37.5042915871,127.040375305
680,보안등,역삼1동 674-13,37.5040897727,127.040343529
681,보안등,역삼1동 674-15,37.5037148957,127.040515232
682,보안등,역삼1동 673-34,37.5037006216,127.040099034
683,보안등,역삼1동 673-17,37.5041800315,127.039877623
684,보안등,역삼1동 673-16,37.5043242152,127.03980984200001
685,보안등,역삼1동 673-14,37.5046161896,127.039665233
686,보안등,역삼1동 664-21,37.5053298327,127.03952537
687,보안등,역삼1동 672-12,37.5046885451,127.03883740399999
688,보안등,역삼1동 672,37.5045733245,127.03850710200001
689,보안등,역삼1동629-16,37.503172702600004,127.034140939
690,보안등,역삼1동638-6,37.5023259886,127.03333080700001
691,보안등,역삼1동664-27,37.5054486437,127.039887345
692,보안등,역삼1동697-28,37.5061316721,127.044732864
693,보안등,역삼1동620-11,37.5011163263,127.028394965
694,보안등,역삼1동639-3,37.5026609732,127.033995946
695,보안등,역삼1동643-8,37.501965024200004,127.035266791
696,보안등,역삼1동693-14,37.5081864058,127.043548781
697,보안등,역삼1동660-3,37.5055940624,127.035969706
698,보안등,역삼1동 648-12,37.500318931399995,127.03194116799999
699,보안등,역삼1동 678-29,37.5021691528,127.039383468
700,보안등,역삼1동 736-37,37.4993774335,127.034935355
701,보안등,역삼1동810,37.503863181199996,127.025826476
702,보안등,역삼1동701상록회관뒷길,37.503861723200004,127.043161745
703,보안등,역삼1동 661-15,37.5061158246,127.03857123
704,보안등,역삼1동 661-28,37.506548113499996,127.03915957
705,보안등,역삼1동 606-18,37.5064885033,127.033789579
706,보안등,역삼1동 743,37.4972329338,127.035287183
707,보안등,역삼1동 678-28,37.502309733699995,127.039311162
708,보안등,역삼1동 648-12,37.500318931399995,127.03194116799999
709,보안등,역삼1동836-17,37.4918525071,127.033968431
710,보안등,역삼1동836-42,37.4918093015,127.03381915
711,보안등,역삼1동836-41,37.4916326743,127.033923101
712,보안등,역삼1동836-40,37.4914884949,127.033986359
713,보안등,역삼1동836-39,37.4913479183,127.034054141
714,보안등,역삼1동836-38,37.4912073402,127.034126446
715,보안등,역삼1동836-21,37.4909840112,127.033705702
716,보안등,역삼1동838-5,37.4903355806,127.032656074
717,보안등,역삼1동838-7,37.4904544029,127.03305415
718,보안등,역삼1동839,37.490558832,127.033366284
719,보안등,역삼1동836-24,37.4908975929,127.033429758
720,보안등,역삼1동836-21,37.4909840112,127.033705702
721,보안등,역삼1동839-3,37.4907028568,127.033845789
722,보안등,역삼1동836-21,37.4909840112,127.033705702
723,보안등,역삼1동836-21,37.4909840112,127.033705702
724,보안등,역삼1동836-21,37.4909840112,127.033705702
725,보안등,역삼1동839-4,37.4907640707,127.034035784
726,보안등,역삼1동839-6,37.4908756882,127.03440672299999
727,보안등,역삼1동836-68,37.4911747791,127.03455612100001
728,보안등,역삼1동836-65,37.4913947288,127.0341989
729,보안등,역삼1동836-63,37.491679485,127.034067861
730,보안등,역삼1동836-63,37.491679485,127.034067861
731,보안등,역삼1동 683-6,37.508409796500004,127.043707254
732,보안등,역삼1동 683-7,37.5082944075,127.043870054
733,보안등,역삼1동 693-15,37.5077717575,127.044050711
734,보안등,역삼1동 683-8,37.5082222817,127.04399216200001
735,보안등,역삼1동 683-5,37.5084817778,127.04397421799999
736,보안등,역삼1동 683-3,37.508762916500004,127.04390652100001
737,보안등,역삼1동 683-21,37.508081654099996,127.04418209100001
738,보안등,역삼1동 683-21,37.508081654099996,127.04418209100001
739,보안등,역삼1동 683-23,37.5079986922,127.044367529
740,보안등,역삼1동 683-30,37.5077642842,127.044756458
741,보안등,역삼1동 683-13,37.508845706,127.044182541
742,보안등,역삼1동 683-13,37.508845706,127.044182541
743,보안등,역삼1동 683-13,37.508845706,127.044182541
744,보안등,역삼1동 683-15,37.5085429464,127.044241176
745,보안등,역삼1동 698-9,37.5063517942,127.04399558899999
746,보안등,역삼1동 698-18,37.5061643278,127.04414929299999
747,보안등,역삼1동 691-29,37.5059483433,127.04345700299999
748,보안등,역삼1동 691-28,37.505800593400004,127.043416201
749,보안등,역삼1동 691-26,37.5055123034,127.04333008
750,보안등,역삼1동 691-24,37.505696173000004,127.043153753
751,보안등,역삼1동 691-22,37.5059844632,127.043239874
752,보안등,역삼1동 691-13,37.5061971862,127.043004751
753,보안등,역삼1동 691-20,37.5062763573,127.04332599799999
754,보안등,역삼1동 685-6,37.507959833899996,127.042223099
755,보안등,역삼1동813-4,37.502706160100004,127.026414165
756,보안등,역삼1동813-4,37.502706160100004,127.026414165
757,보안등,역삼1동810-7,37.503160312199995,127.026210755
758,보안등,역삼1동810-7,37.503160312199995,127.026210755
759,보안등,역삼1동810-3,37.5035243644,127.02600278799999
760,보안등,역삼1동809-3,37.5038668491,127.025532429
761,보안등,역삼1동 683,37.5088820164,127.043454179
762,보안등,역삼1동 683,37.5088820164,127.043454179
763,보안등,역삼1동 683-41,37.5086187994,127.04378881
764,보안등,역삼1동 683-41,37.5086187994,127.04378881
765,보안등,역삼1동 683-41,37.5086187994,127.04378881
766,보안등,역삼1동 683-41,37.5086187994,127.04378881
767,보안등,역삼1동601-5,37.504447014899995,127.025908107
768,보안등,역삼1동601-21,37.504306369,127.02631068
769,보안등,역삼1동601-21,37.504306369,127.02631068
770,보안등,역삼1동811,37.5037404982,127.02648691
771,보안등,역삼1동810,37.503863181199996,127.025826476
772,보안등,역삼1동810-16,37.503704505500004,127.02627427899999
773,보안등,역삼1동810-14,37.503481042,127.02633753299999
774,보안등,역삼1동810-12,37.5032828006,127.02642794
775,보안등,역삼1동810-11,37.503189085900004,127.026473144
776,보안등,역삼1동813-2,37.5029043244,127.026667565
777,보안등,역삼1동812,37.5029691496,127.02687568200001
778,보안등,역삼1동812-9,37.5027204473,127.026984162
779,보안등,역삼1동812-16,37.5026231118,127.027101745
780,보안등,역삼1동813-10,37.5024970299,127.026843846
781,보안등,역삼1동813-11,37.5023528504,127.026925222
782,보안등,역삼1동619-4,37.501898726,127.02700196100001
783,보안등,역삼1동813-15,37.502298833299996,127.026735206
784,보안등,역삼1동619-2,37.5022590576,127.02730970399999
785,보안등,역삼1동619-2,37.5022590576,127.02730970399999
786,보안등,역삼1동812-15,37.502641084000004,127.027309843
787,보안등,역삼1동812-13,37.5028392853,127.02739586700001
788,보안등,역삼1동812-13,37.5028392853,127.02739586700001
789,보안등,역삼1동811-7,37.5032213681,127.02715172299999
790,보안등,역삼1동811-9,37.5031853796,127.02692552100001
791,보안등,역삼1동811-5,37.503455655399996,127.027038713
792,보안등,역삼1동616-1,37.5037078808,127.027283089
793,보안등,역삼1동811-3,37.503693579600004,127.026780941
794,보안등,역삼1동811-1,37.5036828084,127.026599985
795,보안등,역삼1동601-27,37.5040359586,127.026794635
796,보안등,역삼1동 677-22,37.5024754145,127.039623387
797,보안등,역삼1동 677-21,37.5025510152,127.039872233
798,보안등,역삼1동 677-19,37.5026986189,127.040347305
799,보안등,역삼1동 678-19,37.502353148000005,127.038809052
800,보안등,역삼1동 678-19,37.502353148000005,127.038809052
801,보안등,역삼1동 678-24,37.5020289029,127.038451511
802,보안등,역삼1동 678-12,37.5023461112,127.038284296
803,보안등,역삼1동 674-28,37.5042697636,127.040954345
804,보안등,역삼1동 674-28,37.5042697636,127.040954345
805,보안등,역삼1동 674-25,37.504111334899996,127.040524494
806,보안등,역삼1동 674-29,37.504691545,127.040633381
807,보안등,역삼1동 674-33,37.5048933561,127.040674205
808,보안등,역삼1동 674-38,37.5051456873,127.040529577
809,보안등,역삼1동 674-39,37.5050844855,127.040335017
810,보안등,역삼1동 674-3,37.5047673949,127.04014936700001
811,보안등,역삼1동 674-42,37.5052718482,127.040470835
812,보안등,역삼1동 662-12,37.505675455,127.04059772299999
813,보안등,역삼1동 664-30,37.5053548748,127.04007730000001
814,보안등,역삼1동 664-33,37.505545849499995,127.04019050000001
815,보안등,역삼1동 664-31,37.5056792198,127.040127236
816,보안등,역삼1동 664-31,37.5056792198,127.040127236
817,보안등,역삼1동 663-30,37.5058739135,127.039901143
818,보안등,역삼1동 664-23,37.5053982453,127.03971541
819,보안등,역삼1동 664-21,37.5053298327,127.03952537
820,보안등,역삼1동 674-2,37.504929602,127.040072548
821,보안등,역삼1동 674-5,37.504417800300004,127.04016275200001
822,보안등,역삼1동 685-6,37.507959833899996,127.042223099
823,보안등,역삼1동671-7,37.5040111531,127.038334908
824,보안등,역삼1동701상록회관뒷길,37.503861723200004,127.043161745
825,보안등,역삼1동833-7,37.4928007014,127.032783795
826,보안등,역삼1동833-7,37.4928007014,127.032783795
827,보안등,역삼1동833-7,37.4928007014,127.032783795
828,보안등,역삼1동833-7,37.4928007014,127.032783795
829,보안등,역삼1동608-3,37.504773188,127.033087605
830,보안등,역삼1동 797-9,37.494683677800005,127.039126234
831,보안등,역삼1동615-33,37.5044823835,127.02880791
832,보안등,역삼1동 609-1,37.5057498662,127.03312875200001
833,보안등,역삼1동672-19,37.5045911664,127.039049975
834,보안등,역삼1동637-15,37.5011909446,127.032529615
835,보안등,역삼1동812-12,37.5028140812,127.027291811
836,보안등,역삼1동601-3,37.5043822154,127.02557332
837,보안등,역삼1동637-16,37.5011369302,127.03236221600001
838,보안등,역삼1동637-19,37.500762118000004,127.032339436
839,보안등,역삼1동647-1,37.5005998523,127.032646973
840,보안등,역삼1동619-15,37.5016392611,127.0268933
841,보안등,역삼1동810-3,37.5035243644,127.02600278799999
842,보안등,역삼1동810,37.503863181199996,127.025826476
843,보안등,역삼1동810,37.503863181199996,127.025826476
844,보안등,역삼1동813,37.5028106878,127.026364441
845,보안등,역삼1동815-1,37.501098736399996,127.026544785
846,보안등,역삼1동815-4,37.500774336599996,127.02671204399999
847,보안등,역삼1동820-8,37.4992244077,127.027575488
848,보안등,역삼1동637-53,37.5016810992,127.032502685
849,보안등,역삼1동620-17,37.501026108400005,127.028878961
850,보안등,역삼1동615,37.5042521556,127.026989238
851,보안등,역삼1동 677-9,37.502972702600005,127.039822695
852,보안등,역삼1동 677-11,37.502846701399996,127.03940644299999
853,보안등,역삼1동 678-16,37.5026269433,127.03914395
854,보안등,역삼1동 678-28,37.502309733699995,127.039311162
855,보안등,역삼1동693-12,37.5078260273,127.043485235
856,보안등,역삼1동677-19,37.5026986189,127.040347305
857,보안등,역삼1동677-19,37.5026986189,127.040347305
858,보안등,역삼1동817-15,37.5002478548,127.02798298799999
859,보안등,역삼1동620-10,37.501047904,127.028168756
860,보안등,역삼1동 704-43,37.504898906,127.045234279
861,보안등,역삼1동 704-44,37.5047439643,127.04515275600001
862,보안등,역삼1동 704-45,37.504650127800005,127.04549651299999
863,보안등,역삼1동 704-45,37.504650127800005,127.04549651299999
864,보안등,역삼1동 704-30,37.504715204600004,127.044962736
865,보안등,역삼1동 704-32,37.505021511799995,127.045053398
866,보안등,역삼1동 704-34,37.5053386311,127.045144066
867,보안등,역삼1동 704-25,37.505363914499995,127.044999316
868,보안등,역삼1동830-14,37.4946894167,127.032038282
869,보안등,역삼1동830-15,37.494635400300005,127.03187542200001
870,보안등,역삼1동830-55,37.4944370373,127.032395511
871,보안등,역삼1동830-20,37.4943073467,127.032196432
872,보안등,역삼1동830-54,37.494318086999996,127.032458785
873,보안등,역삼1동830-52,37.4943901015,127.032698548
874,보안등,역삼1동830-67,37.4940981903,127.03264414200001
875,보안등,역삼1동830-7,37.495021204000004,127.031228756
876,보안등,역삼1동827-22,37.495457282800004,127.031260601
877,보안등,역삼1동827-22,37.495457282800004,127.031260601
878,보안등,역삼1동827-19,37.495601517800004,127.030980215
879,보안등,역삼1동826-35,37.496005311,127.03043305700001
880,보안등,역삼1동826-29,37.4963045125,127.030170824
881,보안등,역삼1동825-24,37.4970254198,127.029768531
882,보안등,역삼1동827-43,37.4969422746,127.03075459899999
883,보안등,역삼1동827-3,37.4967621156,127.030591683
884,보안등,역삼1동827-8,37.4964809687,127.030718223
885,보안등,역삼1동825-24,37.4970254198,127.029768531
886,보안등,역삼1동824-12,37.4973929133,127.030230066
887,보안등,역삼1동824-13,37.4975875272,127.030243715
888,보안등,역삼1동825-1,37.4976023226,127.028723845
889,보안등,역삼1동825-30,37.4973102824,127.029189646
890,보안등,역삼1동825-22,37.4972525212,127.02957863700001
891,보안등,역삼1동825-27,37.496823685,127.029406579
892,보안등,역삼1동825-26,37.4968740985,127.029578488
893,보안등,역삼1동 631-13,37.502088317600005,127.03263405
894,보안등,역삼1동 637-1,37.5014217442,127.03200949299999
895,보안등,역삼1동 636-9,37.5013029077,127.03165207299999
896,보안등,역삼1동 637-17,37.501082918099996,127.032185771
897,보안등,역삼1동 637-14,37.5013459363,127.032461827
898,보안등,역삼1동 637-18,37.500917111999996,127.032262601
899,보안등,역삼1동 647-1,37.5005998523,127.032646973
900,보안등,역삼1동 647-2,37.5006538575,127.03284603600001
901,보안등,역삼1동 637-34,37.5009348676,127.033217097
902,보안등,역삼1동 637-34,37.5009348676,127.033217097
903,보안등,역삼1동 637-46,37.501219704200004,127.03279199999999
904,보안등,역삼1동 637-44,37.5014143391,127.03272875299999
905,보안등,역삼1동 637-27,37.5016161292,127.032855504
906,보안등,역삼1동 637-35,37.5008087306,127.03320347
907,보안등,역삼1동 637-35,37.5008087306,127.03320347
908,보안등,역삼1동 636-25,37.500856104,127.031294517
909,보안등,역삼1동 636-25,37.500856104,127.031294517
910,보안등,역삼1동 636-25,37.500856104,127.031294517
911,보안등,역삼1동 648-2,37.5000307309,127.031488687
912,보안등,역삼1동 648-2,37.5000307309,127.031488687
913,보안등,역삼1동 648,37.5000272704,127.030945855
914,보안등,역삼1동 678-23,37.501960494,127.038243386
915,보안등,역삼1동 678-23,37.501960494,127.038243386
916,보안등,역삼1동 668-17,37.5023610929,127.036497431
917,보안등,역삼1동 698-27,37.505512193499996,127.04362865899999
918,보안등,역삼1동 700-28,37.5046689494,127.043365784
919,보안등,역삼1동 699-14,37.5050402496,127.04313075600001
920,보안등,역삼1동 700-21,37.5047628059,127.04294964200001
921,보안등,역삼1동 700-25,37.5046149752,127.043130512
922,보안등,역삼1동 699-13,37.5051843955,127.043171554
923,보안등,역삼1동 691-25,37.505548423,127.04311295299999
924,보안등,역삼1동 691-9,37.505602587,127.042827977
925,보안등,역삼1동 699-4,37.5052818963,127.04264231399999
926,보안등,역삼1동 699-8,37.5051016397,127.042796023
927,보안등,역삼1동 700-15,37.504766524699996,127.042632973
928,보안등,역삼1동 700-13,37.5049648207,127.042424987
929,보안등,역삼1동 689-18,37.505483853200005,127.042275991
930,보안등,역삼1동 689-18,37.505483853200005,127.042275991
931,보안등,역삼1동 691-6,37.5059414091,127.042706024
932,보안등,역삼1동 691-6,37.5059414091,127.042706024
933,보안등,역삼1동 691-4,37.506236907600005,127.04279214799999
934,보안등,역삼1동 690-45,37.5062946651,127.042534315
935,보안등,역삼1동 691-2,37.5065396141,127.04287827600001
936,보안등,역삼1동 691-1,37.5066909665,127.042923602
937,보안등,역삼1동 690-33,37.5070802907,127.042675005
938,보안등,역삼1동 685-3,37.5076571077,127.04219126
939,보안등,역삼1동 685-4,37.5077003041,127.042336054
940,보안등,역삼1동830-27,37.4941308608,127.03178474299999
941,보안등,역삼1동830-27,37.4941308608,127.03178474299999
942,보안등,역삼1동830-28,37.4942606471,127.03163100799999
943,보안등,역삼1동830-35,37.4945958651,127.031468312
944,보안등,역삼1동830-34,37.4946318583,127.031644734
945,보안등,역삼1동830-8,37.4948626052,127.031310109
946,보안등,역삼1동830-6,37.4950824233,127.031414236
947,보안등,역삼1동 647-11,37.5003582162,127.03324398299999
948,보안등,역삼1동 647-6,37.500480850500004,127.03289572
949,보안등,역삼1동 648-12,37.500318931399995,127.03194116799999
950,보안등,역삼1동 636-21,37.5006686129,127.031602045
951,보안등,역삼1동 636-11,37.501079468,127.031615789
952,보안등,역삼1동 636-2,37.5010975544,127.031366996
953,보안등,역삼1동 636-1,37.5010543469,127.031213174
954,보안등,역삼1동 685-4,37.5077003041,127.042336054
955,보안등,역삼1동 685-11,37.5077974938,127.042666365
956,보안등,역삼1동 685-12,37.5079272597,127.042607626
957,보안등,역삼1동 685-19,37.5079739808,127.042969578
958,보안등,역삼1동 685-24,37.5082514408,127.043105459
959,보안등,역삼1동 684-18,37.5085615244,127.04272561299999
960,보안등,역삼1동 674-2,37.504929602,127.040072548
961,보안등,역삼1동 828-1,37.4973670548,127.032600331
962,보안등,역삼1동 621-16,37.5015273067,127.027883945
963,보안등,역삼1동 705-22,37.5050995242,127.048283503
964,보안등,역삼1동 694-35,37.507681061199996,127.045620502
965,보안등,역삼1동825-25,37.496974915500004,127.029958494
966,보안등,역삼1동826-26,37.4965533254,127.029637165
967,보안등,역삼1동826-8,37.4959442755,127.029514795
968,보안등,역삼1동826-41,37.4958540576,127.02998066299999
969,보안등,역삼1동826-34,37.4959585017,127.030265675
970,보안등,역삼1동831-24,37.494862854299996,127.030355698
971,보안등,역삼1동831-26,37.494970882800004,127.030713081
972,보안등,역삼1동831-3,37.4947872438,127.030066178
973,보안등,역삼1동831-32,37.4944411342,127.030545504
974,보안등,역삼1동831-30,37.494700611199995,127.030595365
975,보안등,역삼1동831-34,37.4945023132,127.030889296
976,보안등,역삼1동831-7,37.4942177369,127.030341867
977,보안등,역삼1동831-48,37.4942789084,127.030717321
978,보안등,역삼1동831-46,37.4939256889,127.030812164
979,보안등,역삼1동820-8,37.4992244077,127.027575488
980,보안등,역삼1동820-8,37.4992244077,127.027575488
981,보안등,역삼1동820-1,37.4996100446,127.027548488
982,보안등,역삼1동817-10,37.5000064577,127.02767529399999
983,보안등,역삼1동619-26,37.5009075604,127.02725945200001
984,보안등,역삼1동817,37.5005507275,127.02740860200001
985,보안등,역삼1동619-18,37.5011058046,127.027160004
986,보안등,역삼1동619-16,37.501462643400004,127.02698371
987,보안등,역삼1동619-15,37.5016392611,127.0268933
988,보안등,역삼1동813-17,37.502093419299996,127.026667277
989,보안등,역삼1동813-17,37.502093419299996,127.026667277
990,보안등,역삼1동601-11,37.5040830502,127.02571798
991,보안등,역삼1동 668-18,37.5024150944,127.036687454
992,보안등,역삼1동 668-18,37.5024150944,127.036687454
993,보안등,역삼1동 668-18,37.5024150944,127.036687454
994,보안등,역삼1동 669-16,37.502587924699995,127.03720776899999
995,보안등,역삼1동 669-16,37.502587924699995,127.03720776899999
996,보안등,역삼1동 669-18,37.5026995435,127.03754258200001
997,보안등,역삼1동 678,37.502569673,127.037936082
998,보안등,역삼1동 670-22,37.5028363488,127.038004073
999,보안등,역삼1동 678-1,37.5026380824,127.038144209
1000,보안등,역삼1동 678-2,37.502710094,127.038356862
1001,보안등,역삼1동 671-19,37.503012777399995,127.038524396
1002,보안등,역삼1동 678-4,37.5028469095,127.03877764100001
1003,보안등,역삼1동 671-19,37.503012777399995,127.038524396
1004,보안등,역삼1동 678-5,37.502915315900005,127.038990293
1005,보안등,역삼1동 678-5,37.502915315900005,127.038990293
1006,보안등,역삼1동 671,37.5040689475,127.03793231700001
1007,보안등,역삼1동 672-31,37.5032612046,127.03928451899999
1008,보안등,역삼1동 696-27,37.5065019736,127.047081029
1009,보안등,역삼1동 677-1,37.5030809159,127.039546803
1010,보안등,역삼1동 677-2,37.5031385196,127.039727784
1011,보안등,역삼1동 673-27,37.5034448264,127.039831994
1012,보안등,역삼1동 677-3,37.5031997254,127.03991329200001
1013,보안등,역삼1동 677-5,37.5033365384,127.040325029
1014,보안등,역삼1동 677-5,37.5033365384,127.040325029
1015,보안등,역삼1동 677-5,37.5033365384,127.040325029
1016,보안등,역삼1동 676,37.5032099935,127.041492096
1017,보안등,역삼1동 676,37.5032099935,127.041492096
1018,보안등,역삼1동 676,37.5032099935,127.041492096
1019,보안등,역삼1동 676,37.5032099935,127.041492096
1020,보안등,역삼1동 674-20,37.5039489995,127.040972265
1021,보안등,역삼1동 676,37.5032099935,127.041492096
1022,보안등,역삼1동 677-7,37.503087908699996,127.04018465799999
1023,보안등,역삼1동 683-42,37.5087378373,127.043503861
1024,보안등,역삼1동 793-3,37.4930087227,127.036248629
1025,보안등,역삼1동823-33,37.4980624616,127.03321130100001
1026,보안등,역삼1동741,37.4977703091,127.034007299
1027,보안등,역삼1동741-2,37.4974495703,127.03393930200001
1028,보안등,역삼1동740-1,37.4982024732,127.035097653
1029,보안등,역삼1동736-24,37.498544873,127.035039008
1030,보안등,역삼1동736-22,37.4987467853,127.034745074
1031,보안등,역삼1동736-17,37.4991865386,127.03453267200001
1032,보안등,역삼1동736-17,37.4991865386,127.03453267200001
1033,보안등,역삼1동736-16,37.4994388743,127.034347322
1034,보안등,역삼1동735-32,37.4990857377,127.034148125
1035,보안등,역삼1동735-31,37.499056986199996,127.03386765299999
1036,보안등,역삼1동735-29,37.4989200346,127.03386306799999
1037,보안등,역삼1동735-41,37.498667793,127.033722725
1038,보안등,역삼1동735-23,37.4984297973,127.03417496700001
1039,보안등,역삼1동735-23,37.4984297973,127.03417496700001
1040,보안등,역삼1동741-11,37.4979828352,127.03439189
1041,보안등,역삼1동741-11,37.4979828352,127.03439189
1042,보안등,역삼1동741-5,37.4974350352,127.034350928
1043,보안등,역삼1동741-19,37.4973196006,127.034712749
1044,보안등,역삼1동741-9,37.4972764949,127.034224199
1045,보안등,역삼1동741-20,37.4971826517,127.034699115
1046,보안등,역삼1동741-33,37.4968763413,127.03459041200001
1047,보안등,역삼1동740-1,37.4982024732,127.035097653
1048,보안등,역삼1동736-28,37.4988187588,127.035106988
1049,보안등,역삼1동736-42,37.499125028,127.03535140299999
1050,보안등,역삼1동 645-7,37.501752733400004,127.03408600799999
1051,보안등,역삼1동 644-2,37.5012697289,127.03431197200001
1052,보안등,역삼1동 644-24,37.5011147493,127.034334519
1053,보안등,역삼1동 644-17,37.5010209668,127.03460137100001
1054,보안등,역삼1동 646-11,37.5007939372,127.034519841
1055,보안등,역삼1동 646-6,37.5006606397,127.03434335799999
1056,보안등,역삼1동 646-22,37.500692992800005,127.034628362
1057,보안등,역삼1동 646-4,37.5006606922,127.03416241299999
1058,보안등,역삼1동 645-29,37.501024769000004,127.033918302
1059,보안등,역삼1동 644-16,37.501129069,127.03466475200001
1060,보안등,역삼1동 644-12,37.5014569965,127.03479609
1061,보안등,역삼1동 645-13,37.501323968899996,127.033687731
1062,보안등,역삼1동 645,37.501554708600004,127.033398319
1063,보안등,역삼1동 645,37.501554708600004,127.033398319
1064,보안등,역삼1동 638-19,37.5018394838,127.03319488
1065,보안등,역삼1동 638-15,37.502005265,127.033208524
1066,보안등,역삼1동 638-14,37.5019440334,127.03307731
1067,보안등,역삼1동 638-5,37.5022900018,127.03314079399999
1068,보안등,역삼1동 638-7,37.502372796100005,127.033489158
1069,보안등,역삼1동 631-16,37.5022361299,127.03246221299999
1070,보안등,역삼1동 631-4,37.502441554200004,127.032480396
1071,보안등,역삼1동 638-5,37.5022900018,127.03314079399999
1072,보안등,역삼1동 638-4,37.502419725,127.033217755
1073,보안등,역삼1동 629-23,37.5028341978,127.033181749
1074,보안등,역삼1동 697-5,37.5060700664,127.04561499799999
1075,보안등,역삼1동 697-4,37.506214309099995,127.045402459
1076,보안등,역삼1동 697-3,37.5063405278,127.04519895700001
1077,보안등,역삼1동 697-1,37.506549692,127.04485526100001
1078,보안등,역삼1동 698-24,37.5066831912,127.04445723
1079,보안등,역삼1동 693-34,37.507220058499996,127.04480589799999
1080,보안등,역삼1동 695-20,37.5071082392,127.045054652
1081,보안등,역삼1동 695-20,37.5071082392,127.045054652
1082,보안등,역삼1동 697-18,37.5057672832,127.04573243600001
1083,보안등,역삼1동 697-18,37.5057672832,127.04573243600001
1084,보안등,역삼1동 697-16,37.5055797371,127.046085187
1085,보안등,역삼1동 697-14,37.5053994032,127.046424369
1086,보안등,역삼1동 697-14,37.5053994032,127.046424369
1087,보안등,역삼1동 697-54,37.505204811,127.04636091399999
1088,보안등,역삼1동 697-42,37.5054716693,127.045949403
1089,보안등,역삼1동 704-37,37.5053529013,127.04552408299999
1090,보안등,역삼1동 704-37,37.5053529013,127.04552408299999
1091,보안등,역삼1동 697-35,37.5057458888,127.045135264
1092,보안등,역삼1동 697-36,37.505731349499996,127.04545645399999
1093,보안등,역삼1동 697-34,37.5059332598,127.045234903
1094,보안등,역삼1동741-26,37.497092721,127.034115554
1095,보안등,역삼1동741-32,37.4967863172,127.034328014
1096,보안등,역삼1동828-35,37.4967107853,127.03379874299999
1097,보안등,역삼1동741-40,37.49649437,127.03440025399999
1098,보안등,역삼1동741-17,37.4974997379,127.034929957
1099,보안등,역삼1동740-5,37.4979970666,127.035020658
1100,보안등,역삼1동741-12,37.4980620484,127.034649764
1101,보안등,역삼1동 697-32,37.505825427800005,127.04447481700001
1102,보안등,역삼1동 697-53,37.5058253595,127.04465577399999
1103,보안등,역삼1동 697-53,37.5058253595,127.04465577399999
1104,보안등,역삼1동 697-52,37.5057928565,127.04483218799999
1105,보안등,역삼1동 645-16,37.5011328935,127.03390478
1106,보안등,역삼1동 645-14,37.501446455199996,127.033864209
1107,보안등,역삼1동 645-21,37.5007797536,127.033714628
1108,보안등,역삼1동 645-21,37.5007797536,127.033714628
1109,보안등,역삼1동 645-18,37.5010753093,127.033624288
1110,보안등,역삼1동 637-31,37.5011691418,127.03317196399999
1111,보안등,역삼1동 645-11,37.5013853208,127.03339372
1112,보안등,역삼1동 697-20,37.5060377486,127.045307349
1113,보안등,역삼1동 697-23,37.5062505102,127.04498175299999
1114,보안등,역삼1동 697-27,37.5062542036,127.04474650899999
1115,보안등,역삼1동 697-25,37.5064488669,127.04462447799999
1116,보안등,역삼1동 698-17,37.5064093452,127.04429872799999
1117,보안등,역삼1동 697-26,37.506283099,127.04457914
1118,보안등,역삼1동 698-21,37.506135439699996,127.04429856700001
1119,보안등,역삼1동736-40,37.499348509899995,127.03524294299999
1120,보안등,역삼1동736-51,37.4994061148,127.03544200600001
1121,보안등,역삼1동736-9,37.499795329,127.03551004399999
1122,보안등,역삼1동736-38,37.4994386536,127.03509823200001
1123,보안등,역삼1동736-36,37.4993270279,127.03476343700001
1124,보안등,역삼1동736-36,37.4993270279,127.03476343700001
1125,보안등,역삼1동824-5,37.4980884449,127.03040676200001
1126,보안등,역삼1동824-5,37.4980884449,127.03040676200001
1127,보안등,역삼1동824-5,37.4980884449,127.03040676200001
1128,보안등,역삼1동824-7,37.4978469694,127.03042928100001
1129,보안등,역삼1동824-9,37.4975405875,127.030582954
1130,보안등,역삼1동827-44,37.4969710608,127.030931023
1131,보안등,역삼1동827-44,37.4969710608,127.030931023
1132,보안등,역삼1동824-25,37.4975836976,127.03111221399999
1133,보안등,역삼1동827-45,37.497032271,127.031152696
1134,보안등,역삼1동827-38,37.4967259562,127.03104853
1135,보안등,역삼1동827-38,37.4967259562,127.03104853
1136,보안등,역삼1동827-57,37.4968159008,127.031636609
1137,보안등,역삼1동827-82,37.496437536,127.03141932700001
1138,보안등,역삼1동827-55,37.4966429414,127.031509881
1139,보안등,역삼1동827-75,37.4960806904,127.03159558799999
1140,보안등,역삼1동827-27,37.4958393037,127.03128337700001
1141,보안등,역삼1동827-76,37.4961274991,127.031758449
1142,보안등,역삼1동827-73,37.4959508786,127.03184431700001
1143,보안등,역삼1동827-72,37.49579949,127.031916627
1144,보안등,역삼1동827-68,37.495734516700004,127.03228751200001
1145,보안등,역삼1동827-71,37.4957490787,127.031749242
1146,보안등,역삼1동 630-5,37.502812793400004,127.032390082
1147,보안등,역삼1동 631-1,37.5025100741,127.032322095
1148,보안등,역삼1동 631-15,37.5021965241,127.03232196
1149,보안등,역삼1동 631-15,37.5021965241,127.03232196
1150,보안등,역삼1동 632-14,37.5022723095,127.031951048
1151,보안등,역삼1동 632-13,37.5023984674,127.031887769
1152,보안등,역삼1동 632-13,37.5023984674,127.031887769
1153,보안등,역삼1동 632-12,37.5025606691,127.031810935
1154,보안등,역삼1동 630-1,37.5026615047,127.032095973
1155,보안등,역삼1동 630,37.5028309158,127.03201461799999
1156,보안등,역삼1동 625-10,37.5031444473,127.032082609
1157,보안등,역삼1동 625-10,37.5031444473,127.032082609
1158,보안등,역삼1동 625-11,37.5031948581,127.03225001
1159,보안등,역삼1동 625-15,37.5032488701,127.032426461
1160,보안등,역삼1동 624-29,37.5031986888,127.031408589
1161,보안등,역삼1동 624-28,37.5033861015,127.031395096
1162,보안등,역삼1동 633-28,37.5022724851,127.031295108
1163,보안등,역삼1동 633-16,37.501894003800004,127.031516611
1164,보안등,역삼1동 633-15,37.5018291663,127.03138539700001
1165,보안등,역삼1동 633-14,37.501767947,127.0311999
1166,보안등,역삼1동 636-33,37.5012814349,127.03108208200001
1167,보안등,역삼1동 636,37.5013138186,127.03128113700001
1168,보안등,역삼1동 633-14,37.501767947,127.0311999
1169,보안등,역삼1동 633-7,37.5027410986,127.030951499
1170,보안등,역삼1동 633-7,37.5027410986,127.030951499
1171,보안등,역삼1동 637-7,37.5017316163,127.03228104700001
1172,보안등,역삼1동 637-7,37.5017316163,127.03228104700001
1173,보안등,역삼1동 637-7,37.5017316163,127.03228104700001
1174,보안등,역삼1동 697-52,37.5057928565,127.04483218799999
1175,보안등,역삼1동 697-50,37.5057639589,127.04500408
1176,보안등,역삼1동 704-46,37.5050753481,127.04563701200001
1177,보안등,역삼1동 704-62,37.5048230002,127.045808765
1178,보안등,역삼1동 704-21,37.5052414654,127.04476852399999
1179,보안등,역삼1동 704-28,37.5048954434,127.044863319
1180,보안등,역삼1동 703-6,37.5045244275,127.044338329
1181,보안등,역삼1동 704-16,37.504956835,127.044537636
1182,보안등,역삼1동 704-15,37.505111792600005,127.04457844299999
1183,보안등,역삼1동 704-13,37.5054253081,127.044669108
1184,보안등,역삼1동 704-11,37.5056199782,127.044528982
1185,보안등,역삼1동 698-31,37.5055768895,127.044103708
1186,보안등,역삼1동 698-31,37.5055768895,127.044103708
1187,보안등,역삼1동 698-29,37.5053570679,127.044040244
1188,보안등,역삼1동 698-29,37.5053570679,127.044040244
1189,보안등,역삼1동 704-5,37.5048632732,127.044157575
1190,보안등,역삼1동 703-1,37.5044236316,127.044026124
1191,보안등,역삼1동 700-34,37.504600306,127.04381813
1192,보안등,역삼1동 700-30,37.5047625573,127.04362822200001
1193,보안등,역삼1동 699-25,37.5050652196,127.043831974
1194,보안등,역삼1동 698-28,37.505472468899995,127.043845783
1195,보안등,역삼1동 698-27,37.505512193499996,127.04362865899999
1196,보안등,역삼1동827-71,37.4957490787,127.031749242
1197,보안등,역삼1동830-11,37.4950318469,127.03186202
1198,보안등,역삼1동830-12,37.494891296,127.03183934399999
1199,보안등,역삼1동830-65,37.495183115500005,127.032232995
1200,보안등,역삼1동830-60,37.494750577800005,127.03243183299999
1201,보안등,역삼1동 629-22,37.5028810042,127.033344625
1202,보안등,역삼1동 630-11,37.502845102100004,127.03285151899999
1203,보안등,역삼1동 631-18,37.502531571,127.032783526
1204,보안등,역삼1동740-12,37.4977483041,127.03530551899999
1205,보안등,역삼1동744,37.4973516193,127.036105979
1206,보안등,역삼1동743-6,37.4973156809,127.03577122799999
1207,보안등,역삼1동743,37.4972329338,127.035287183
1208,보안등,역삼1동741-22,37.4973267206,127.03501129799999
1209,보안등,역삼1동743-1,37.497045550100005,127.03520115
1210,보안등,역삼1동740-23,37.4980114384,127.035169939
1211,보안등,역삼1동742-2,37.4966779866,127.035042659
1212,보안등,역삼1동742-2,37.4966779866,127.035042659
1213,보안등,역삼1동742-1,37.4966382939,127.03520548200001
1214,보안등,역삼1동 625-5,37.503479622600004,127.03207822799999
1215,보안등,역삼1동 625-12,37.5035516389,127.032313497
1216,보안등,역삼1동 626-21,37.503706482199995,127.03278404
1217,보안등,역삼1동 662-3,37.5064685722,127.03991503200001
1218,보안등,역삼1동 661-33,37.506328161300004,127.03948065600001
1219,보안등,역삼1동 663-16,37.506007321700004,127.03972478
1220,보안등,역삼1동 661-27,37.506245359299996,127.039209175
1221,보안등,역삼1동 663-9,37.5059426756,127.039046155
1222,보안등,역삼1동 663-9,37.5059426756,127.039046155
1223,보안등,역삼1동 663-18,37.506064915799996,127.03993291299999
1224,보안등,역삼1동738-6,37.4990020435,127.03681696700001
1225,보안등,역삼1동738-6,37.4990020435,127.03681696700001
1226,보안등,역삼1동739-1,37.4990201786,127.03644604600001
1227,보안등,역삼1동739-2,37.4988796579,127.03632836700001
1228,보안등,역삼1동739-20,37.4976469948,127.03660822299999
1229,보안등,역삼1동738,37.498573267,127.036486541
1230,보안등,역삼1동739-6,37.4985986036,127.03613372
1231,보안등,역삼1동739,37.4991139417,127.036256104
1232,보안등,역삼1동739,37.4991139417,127.036256104
1233,보안등,역삼1동739,37.4991139417,127.036256104
1234,보안등,역삼1동736-55,37.4996366536,127.035835665
1235,보안등,역삼1동739-3,37.4989806289,127.03613842799999
1236,보안등,역삼1동736-46,37.499020391500004,127.035749423
1237,보안등,역삼1동736-46,37.499020391500004,127.035749423
1238,보안등,역삼1동736-46,37.499020391500004,127.035749423
1239,보안등,역삼1동739-8,37.498530251,127.035726572
1240,보안등,역삼1동739-12,37.4981914329,127.03585759200001
1241,보안등,역삼1동740-4,37.4981086673,127.035436869
1242,보안등,역삼1동740-17,37.4976724889,127.03573973399999
1243,보안등,역삼1동740-11,37.4977698658,127.03551360799999
1244,보안등,역삼1동742-3,37.4965554618,127.03500189100001
1245,보안등,역삼1동742-8,37.4963464081,127.03506964399999
1246,보안등,역삼1동 610-5,37.5052995731,127.032373061
1247,보안등,역삼1동 609-7,37.5049823982,127.03244983
1248,보안등,역삼1동 626-10,37.5043950379,127.032101239
1249,보안등,역삼1동 626-15,37.504171486,127.032476622
1250,보안등,역삼1동 626-16,37.5040993694,127.03260778200001
1251,보안등,역삼1동 626-6,37.5041641502,127.03293805
1252,보안등,역삼1동 626-28,37.5040090834,127.033272745
1253,보안등,역삼1동 608-26,37.504182042,127.033394965
1254,보안등,역삼1동 608-33,37.5043621169,127.03383838299999
1255,보안등,역삼1동 608-8,37.5044521876,127.033942472
1256,보안등,역삼1동 608-7,37.504488288699996,127.033729867
1257,보안등,역삼1동 608-5,37.5046505558,127.03342684100001
1258,보안등,역삼1동 608-1,37.5046578872,127.03298803
1259,보안등,역삼1동 608-29,37.5045497146,127.03317346
1260,보안등,역삼1동 626-27,37.5038613465,127.033173156
1261,보안등,역삼1동 626-22,37.5037676964,127.03297859
1262,보안등,역삼1동 626-17,37.503926386399996,127.032571516
1263,보안등,역삼1동 625-1,37.5039481589,127.032028667
1264,보안등,역삼1동 625-1,37.5039481589,127.032028667
1265,보안등,역삼1동 626-11,37.5042076325,127.032087588
1266,보안등,역삼1동 625-20,37.5034075997,127.031865579
1267,보안등,역삼1동 625-20,37.5034075997,127.031865579
1268,보안등,역삼1동 625-2,37.5038255717,127.032214091
1269,보안등,역삼1동 625-3,37.5036164517,127.032530667
1270,보안등,역삼1동 624-31,37.5033896549,127.031585097
1271,보안등,역삼1동 625-9,37.5030868344,127.031892586
1272,보안등,역삼1동 625-20,37.5034075997,127.031865579
1273,보안등,역삼1동 625-5,37.503479622600004,127.03207822799999
1274,보안등,역삼1동 663-18,37.506064915799996,127.03993291299999
1275,보안등,역삼1동 669-2,37.5037233121,127.036823809
1276,보안등,역삼1동 669-3,37.5035971798,127.036796604
1277,보안등,역삼1동 670,37.5038456998,127.037298869
1278,보안등,역삼1동 670-1,37.5039069037,127.03750247200001
1279,보안등,역삼1동 666-12,37.5042892613,127.036444084
1280,보안등,역삼1동 666-12,37.5042892613,127.036444084
1281,보안등,역삼1동 667-14,37.5039145154,127.036208663
1282,보안등,역삼1동 667-14,37.5039145154,127.036208663
1283,보안등,역삼1동 669-10,37.5037196444,127.03702737799999
1284,보안등,역삼1동 668-5,37.5035108442,127.036276325
1285,보안등,역삼1동 668-5,37.5035108442,127.036276325
1286,보안등,역삼1동 668-7,37.5031539931,127.036448056
1287,보안등,역삼1동 668-10,37.5032080003,127.036619985
1288,보안등,역삼1동 668-12,37.502998943200005,127.03669678700001
1289,보안등,역삼1동 669-9,37.5029231287,127.037112936
1290,보안등,역삼1동 662,37.506706518200005,127.039675387
1291,보안등,역삼1동 662,37.506706518200005,127.039675387
1292,보안등,역삼1동 656-20,37.5071392459,127.03893820200001
1293,보안등,역삼1동 656-20,37.5071392459,127.03893820200001
1294,보안등,역삼1동 655-23,37.5073375295,127.038748295
1295,보안등,역삼1동 656-18,37.507042068000004,127.038540038
1296,보안등,역삼1동 656-15,37.5069304624,127.038173537
1297,보안등,역삼1동 655-17,37.507103534,127.03792932799999
1298,보안등,역삼1동 656-17,37.5069952673,127.038381674
1299,보안등,역삼1동742-17,37.4961627996,127.034400102
1300,보안등,역삼1동742-29,37.4960043481,127.03396578799999
1301,보안등,역삼1동828-55,37.4961810566,127.03357686
1302,보안등,역삼1동753-1,37.495755766100004,127.033630949
1303,보안등,역삼1동753-1,37.495755766100004,127.033630949
1304,보안등,역삼1동752-25,37.4954313274,127.03389767899999
1305,보안등,역삼1동752-25,37.4954313274,127.03389767899999
1306,보안등,역삼1동 629-21,37.5030107656,127.033285873
1307,보안등,역삼1동 626-32,37.5035657159,127.033530405
1308,보안등,역삼1동 626-30,37.5037243479,127.033335952
1309,보안등,역삼1동 626-7,37.5040920318,127.033073733
1310,보안등,역삼1동 627-11,37.5038249596,127.03438552200001
1311,보안등,역삼1동 628-5,37.5036770795,127.034779025
1312,보안등,역삼1동 628-5,37.5036770795,127.034779025
1313,보안등,역삼1동 628-3,37.5039978601,127.034702269
1314,보안등,역삼1동 628-1,37.5042970349,127.034562168
1315,보안등,역삼1동 628,37.5044448196,127.034494379
1316,보안등,역삼1동 656-5,37.5065990754,127.037603346
1317,보안등,역삼1동 657-40,37.5064802346,127.037313752
1318,보안등,역삼1동 657-37,37.506465884,127.03710564200001
1319,보안등,역삼1동 657-38,37.5063253074,127.037168908
1320,보안등,역삼1동 660-28,37.5060188842,127.03742662100001
1321,보안등,역삼1동 656,37.5067072649,127.037386249
1322,보안등,역삼1동 656-1,37.5067540684,127.03754008799999
1323,보안등,역삼1동 655-13,37.506912748299996,127.037214439
1324,보안등,역삼1동 655-1,37.5070966229,127.03699285399999
1325,보안등,역삼1동 655-6,37.5071289467,127.03735026700001
1326,보안등,역삼1동 657-36,37.5066064664,127.03702428
1327,보안등,역삼1동742-26,37.4956871873,127.033988261
1328,보안등,역삼1동742-25,37.4957520154,127.034142084
1329,보안등,역삼1동742-25,37.4957520154,127.034142084
1330,보안등,역삼1동750-3,37.4957698881,127.034648705
1331,보안등,역삼1동750-7,37.495903133,127.03500158700001
1332,보안등,역삼1동750-7,37.495903133,127.03500158700001
1333,보안등,역삼1동750-12,37.4958490162,127.035191542
1334,보안등,역삼1동750-12,37.4958490162,127.035191542
1335,보안등,역삼1동750-23,37.4955319464,127.034906424
1336,보안등,역삼1동750-4,37.4956653381,127.03476174
1337,보안등,역삼1동750-24,37.4954274603,127.034802339
1338,보안등,역삼1동752-8,37.4953698756,127.034530914
1339,보안등,역삼1동752-7,37.4955032523,127.034435986
1340,보안등,역삼1동752-20,37.4951717318,127.03426394899999
1341,보안등,역삼1동752-21,37.4950960813,127.034146309
1342,보안등,역삼1동752-31,37.4950132694,127.03386582700001
1343,보안등,역삼1동752-29,37.495143039,127.033779943
1344,보안등,역삼1동752-32,37.4949664688,127.033684875
1345,보안등,역삼1동752-49,37.4946818021,127.033503816
1346,보안등,역삼1동752-49,37.4946818021,127.033503816
1347,보안등,역삼1동752-37,37.494728555100004,127.033852129
1348,보안등,역삼1동752-45,37.4944943154,127.03377512799999
1349,보안등,역삼1동752-39,37.4946383738,127.03413253
1350,보안등,역삼1동752-39,37.4946383738,127.03413253
1351,보안등,역삼1동 626-24,37.5035658459,127.03306897700001
1352,보안등,역삼1동 626-25,37.5033532403,127.032955789
1353,보안등,역삼1동 626-25,37.5033532403,127.032955789
1354,보안등,역삼1동 629-21,37.5030107656,127.033285873
1355,보안등,역삼1동 607-16,37.5046430883,127.034331611
1356,보안등,역삼1동 608-15,37.505083001100004,127.03355822700001
1357,보안등,역삼1동 607-25,37.5052558608,127.034024266
1358,보안등,역삼1동 607-25,37.5052558608,127.034024266
1359,보안등,역삼1동 641-18,37.5027543091,127.035253591
1360,보안등,역삼1동 641-1,37.5029525708,127.035117971
1361,보안등,역삼1동 641-7,37.5028911452,127.035642699
1362,보안등,역삼1동 641-1,37.5029525708,127.035117971
1363,보안등,역삼1동 641-17,37.502581291700004,127.035334937
1364,보안등,역삼1동 643-7,37.502105604,127.03518995399999
1365,보안등,역삼1동 641-14,37.5021163077,127.035551856
1366,보안등,역삼1동 642-2,37.5013954308,127.035791269
1367,보안등,역삼1동 642-2,37.5013954308,127.035791269
1368,보안등,역삼1동 642-2,37.5013954308,127.035791269
1369,보안등,역삼1동 642-3,37.5012872689,127.035926927
1370,보안등,역삼1동 644-19,37.5011578158,127.03495427899999
1371,보안등,역삼1동 656-3,37.5068512947,127.037798005
1372,보안등,역삼1동 656-37,37.5067287276,127.037892947
1373,보안등,역삼1동 656-37,37.5067287276,127.037892947
1374,보안등,역삼1동 661-8,37.506270877,127.03832701600001
1375,보안등,역삼1동 661-17,37.506404116599995,127.038661858
1376,보안등,역삼1동 661-15,37.5061158246,127.03857123
1377,보안등,역삼1동 661-28,37.506548113499996,127.03915957
1378,보안등,역삼1동 656-25,37.5069590822,127.03882500799999
1379,보안등,역삼1동 656-12,37.5064151619,127.037942552
1380,보안등,역삼1동 661,37.50617371,127.03788814200001
1381,보안등,역삼1동 661,37.50617371,127.03788814200001
1382,보안등,역삼1동 661,37.50617371,127.03788814200001
1383,보안등,역삼1동 657-32,37.5065632606,127.036888539
1384,보안등,역삼1동 657-32,37.5065632606,127.036888539
1385,보안등,역삼1동 657-30,37.5062245011,127.036829561
1386,보안등,역삼1동 660-21,37.5059109019,127.036987745
1387,보안등,역삼1동 657-23,37.505983115999996,127.036558006
1388,보안등,역삼1동 657-21,37.506264270100004,127.036426948
1389,보안등,역삼1동 658-19,37.5067363688,127.036517657
1390,보안등,역삼1동 658-17,37.5066283568,127.036164734
1391,보안등,역삼1동 658-15,37.5065275462,127.03582991100001
1392,보안등,역삼1동 651-18,37.5070466207,127.035513478
1393,보안등,역삼1동 651-13,37.5072662544,127.03621028200001
1394,보안등,역삼1동 651-12,37.5071584077,127.03530542600001
1395,보안등,역삼1동 658-26,37.5066574137,127.035422814
1396,보안등,역삼1동 659-12,37.5062466177,127.03521451799999
1397,보안등,역삼1동 659-11,37.5062034098,127.035078779
1398,보안등,역삼1동 659-13,37.5060664369,127.035146574
1399,보안등,역삼1동 659-15,37.5059222572,127.035209841
1400,보안등,역삼1동 659-19,37.5056050656,127.03533636200001
1401,보안등,역삼1동 659-14,37.5061096447,127.035282313
1402,보안등,역삼1동 659-14,37.5061096447,127.035282313
1403,보안등,역삼1동 659-14,37.5061096447,127.035282313
1404,보안등,역삼1동 659-20,37.505669899999994,127.035463063
1405,보안등,역삼1동 659-22,37.5055185108,127.03553085
1406,보안등,역삼1동 659-28,37.5053671174,127.03561220799999
1407,보안등,역삼1동 659-26,37.5050643332,127.035765877
1408,보안등,역삼1동 659-25,37.5050211287,127.03562109200001
1409,보안등,역삼1동 666-15,37.504750642800005,127.036227162
1410,보안등,역삼1동 667-5,37.5045020744,127.035869657
1411,보안등,역삼1동 667-19,37.5043830797,127.036073174
1412,보안등,역삼1동 666-1,37.504977678,127.036286082
1413,보안등,역삼1동750-8,37.496011179899995,127.035250421
1414,보안등,역삼1동749-4,37.4963030002,127.035603381
1415,보안등,역삼1동749-4,37.4963030002,127.035603381
1416,보안등,역삼1동749,37.496512006399996,127.03569394700001
1417,보안등,역삼1동749,37.496512006399996,127.03569394700001
1418,보안등,역삼1동744-6,37.4966596905,127.03596089700001
1419,보안등,역삼1동749-26,37.496392926300004,127.03617789100001
1420,보안등,역삼1동744-4,37.496836294699996,127.035938365
1421,보안등,역삼1동744-3,37.496998481300004,127.035920349
1422,보안등,역삼1동 606-16,37.5060993117,127.03364011299999
1423,보안등,역삼1동 609-10,37.5056272211,127.033513231
1424,보안등,역삼1동 609-12,37.5054867001,127.033386499
1425,보안등,역삼1동 607-4,37.5055874736,127.033875127
1426,보안등,역삼1동 609-14,37.505338971,127.033259764
1427,보안등,역삼1동 609-14,37.505338971,127.033259764
1428,보안등,역삼1동 609-15,37.505238113000004,127.033065191
1429,보안등,역삼1동 609-17,37.5050831477,127.033037979
1430,보안등,역삼1동 609-21,37.5047300368,127.032739248
1431,보안등,역삼1동749-12,37.4953226982,127.03562553200001
1432,보안등,역삼1동749-12,37.4953226982,127.03562553200001
1433,보안등,역삼1동749-10,37.495647070100006,127.03559402299999
1434,보안등,역삼1동749-8,37.4958633226,127.035557938
1435,보안등,역삼1동749-8,37.4958633226,127.035557938
1436,보안등,역삼1동749-6,37.496007493200004,127.03552634299999
1437,보안등,역삼1동 661-3,37.5058384838,127.03805083399999
1438,보안등,역삼1동 660-33,37.5057809138,127.037756749
1439,보안등,역삼1동 661-12,37.505950069200004,127.038480666
1440,보안등,역삼1동 663-2,37.5056726052,127.038340281
1441,보안등,역삼1동 663-5,37.505831076,127.038666086
1442,보안등,역삼1동 663-7,37.5058778748,127.038828972
1443,보안등,역삼1동 661-19,37.5061734252,127.03876579
1444,보안등,역삼1동 661-19,37.5061734252,127.03876579
1445,보안등,역삼1동 661-26,37.5063931751,127.039055437
1446,보안등,역삼1동744-3,37.496998481300004,127.035920349
1447,보안등,역삼1동744-12,37.497174968,127.03628230700001
1448,보안등,역삼1동739-15,37.4977192354,127.036088062
1449,보안등,역삼1동744-14,37.4974127989,127.03639550700001
1450,보안등,역삼1동739-20,37.4976469948,127.03660822299999
1451,보안등,역삼1동739-18,37.4977911782,127.036535918
1452,보안등,역삼1동738-23,37.4982019119,127.036938708
1453,보안등,역삼1동738-23,37.4982019119,127.036938708
1454,보안등,역삼1동738-25,37.498302688,127.037373011
1455,보안등,역삼1동738-25,37.498302688,127.037373011
1456,보안등,역삼1동739-13,37.4982417775,127.036224018
1457,보안등,역삼1동739-13,37.4982417775,127.036224018
1458,보안등,역삼1동738-18,37.4983641466,127.036766895
1459,보안등,역삼1동738-17,37.498421750300004,127.03696143299999
1460,보안등,역삼1동739-5,37.4988040427,127.03610215399999
1461,보안등,역삼1동738-7,37.4990884651,127.037056756
1462,보안등,역삼1동738-7,37.4990884651,127.037056756
1463,보안등,역삼1동 610-1,37.5057031737,127.032554192
1464,보안등,역삼1동 605-11,37.506081525700004,127.032807698
1465,보안등,역삼1동 605-11,37.506081525700004,127.032807698
1466,보안등,역삼1동 605-13,37.5063770942,127.032667584
1467,보안등,역삼1동 605-13,37.5063770942,127.032667584
1468,보안등,역삼1동 609-1,37.5057498662,127.03312875200001
1469,보안등,역삼1동 609-11,37.5056705269,127.033309674
1470,보안등,역삼1동 606-10,37.5062111171,127.03335515399999
1471,보안등,역삼1동 606-10,37.5062111171,127.03335515399999
1472,보안등,역삼1동 606-8,37.506495871700004,127.033224085
1473,보안등,역삼1동 606-13,37.5064922026,127.03345480600001
1474,보안등,역삼1동 606-13,37.5064922026,127.03345480600001
1475,보안등,역삼1동 606-15,37.5063011638,127.0335452
1476,보안등,역삼1동 607-1,37.5058649715,127.03391596799999
1477,보안등,역삼1동 623-3,37.5039451818,127.02962651600001
1478,보안등,역삼1동 626,37.504607669,127.03212395
1479,보안등,역삼1동 609-7,37.5049823982,127.03244983
1480,보안등,역삼1동 609-7,37.5049823982,127.03244983
1481,보안등,역삼1동 609-16,37.5051408625,127.032857049
1482,보안등,역삼1동 609-13,37.5054363215,127.03311051799999
1483,보안등,역삼1동 610-2,37.5056851086,127.032717046
1484,보안등,역삼1동 610-3,37.5055265692,127.032581259
1485,보안등,역삼1동 660-7,37.505478648,127.036250133
1486,보안등,역삼1동 660-27,37.5056549111,127.037322389
1487,보안등,역삼1동 657-5,37.506059051,127.035739208
1488,보안등,역삼1동 660-6,37.5056336445,127.03617330200001
1489,보안등,역삼1동 660-13,37.505777684099996,127.03656695299999
1490,보안등,역삼1동 660-13,37.505777684099996,127.03656695299999
1491,보안등,역삼1동 657-18,37.506080491599995,127.036340904
1492,보안등,역삼1동 657-13,37.506159859099995,127.036083077
1493,보안등,역삼1동 657-7,37.5057778977,127.035870268
1494,보안등,역삼1동 666-1,37.504977678,127.036286082
1495,보안등,역삼1동 666-1,37.504977678,127.036286082
1496,보안등,역삼1동 660-7,37.505478648,127.036250133
1497,보안등,역삼1동 660-7,37.505478648,127.036250133
1498,보안등,역삼1동 660-12,37.5053163849,127.036516965
1499,보안등,역삼1동 660-11,37.5054533572,127.03645369700001
1500,보안등,역삼1동 660-22,37.505799161599995,127.037037453
1501,보안등,역삼1동 660-19,37.505615413200005,127.036856405
1502,보안등,역삼1동 660-29,37.5058747033,127.037489884
1503,보안등,역삼1동 661-1,37.5060619679,127.03794237299999
1504,보안등,역삼1동 661-26,37.5063931751,127.039055437
1505,보안등,역삼1동 741-15,37.497651175,127.034699332
1506,보안등,역삼1동 691-20,37.5062763573,127.04332599799999
1507,보안등,역삼1동 692-5,37.506935906100004,127.04329018700001
1508,보안등,역삼1동 696-42,37.5056655027,127.047921954
1509,보안등,역삼1동 696-19,37.5057557258,127.04761890799999
1510,보안등,역삼1동 696-20,37.505842267800006,127.047505865
1511,보안등,역삼1동 696-20,37.505842267800006,127.047505865
1512,보안등,역삼1동751-1,37.4947175652,127.03446728799999
1513,보안등,역삼1동752-19,37.4949843198,127.03427291
1514,보안등,역삼1동752-15,37.4950491026,127.03458052299999
1515,보안등,역삼1동751-1,37.4947175652,127.03446728799999
1516,보안등,역삼1동752-11,37.495294177800005,127.03457611200001
1517,보안등,역삼1동751-8,37.495099313800004,127.03540830799999
1518,보안등,역삼1동750-20,37.495351704899996,127.03504203899999
1519,보안등,역삼1동750-18,37.4952146968,127.03522743
1520,보안등,역삼1동750-21,37.4954526311,127.034996853
1521,보안등,역삼1동829-21,37.495737851,127.03326002899999
1522,보안등,역삼1동829-3,37.4958315174,127.03339577
1523,보안등,역삼1동829-3,37.4958315174,127.03339577
1524,보안등,역삼1동828-78,37.4963865144,127.03347743799999
1525,보안등,역삼1동828-78,37.4963865144,127.03347743799999
1526,보안등,역삼1동828-12,37.4965740472,127.033038754
1527,보안등,역삼1동828-13,37.4967254366,127.032966446
1528,보안등,역삼1동828-16,37.4970137725,127.03291681600001
1529,보안등,역삼1동828-44,37.4972875796,127.03326976299999
1530,보안등,역삼1동828-18,37.4971003344,127.032681636
1531,보안등,역삼1동828-21,37.497579578,127.033012056
1532,보안등,역삼1동823-14,37.4976086865,127.032007865
1533,보안등,역삼1동828-14,37.4968371954,127.032844364
1534,보안등,역삼1동823-8,37.498210470100005,127.032333812
1535,보안등,역삼1동735-10,37.4990896099,127.033207233
1536,보안등,역삼1동735-15,37.4985273042,127.033482917
1537,보안등,역삼1동735-16,37.4983218491,127.033573295
1538,보안등,역삼1동 644-18,37.501294762,127.034976961
1539,보안등,역삼1동 642-1,37.5016369482,127.035633055
1540,보안등,역삼1동 644-9,37.5016046435,127.03519424299999
1541,보안등,역삼1동 644-8,37.501640718699996,127.035076644
1542,보안등,역삼1동 644-7,37.501622773499996,127.03482330899999
1543,보안등,역삼1동 643-14,37.5017958648,127.034488636
1544,보안등,역삼1동 639-16,37.502120350300004,127.03406355700001
1545,보안등,역삼1동 643-2,37.5020157063,127.03450230899999
1546,보안등,역삼1동 643-3,37.5020697083,127.034701377
1547,보안등,역삼1동791-20,37.4940783975,127.03852885299999
1548,보안등,역삼1동794,37.4933292965,127.036845844
1549,보안등,역삼1동694-35,37.507681061199996,127.045620502
1550,보안등,역삼1동834-50,37.494054326,127.03480170200001
1551,보안등,역삼1동696-28,37.5066460766,127.04722588700001
1552,보안등,역삼1동 640-20,37.5023832103,127.034864376
1553,보안등,역삼1동 643-6,37.502238973000004,127.035122161
1554,보안등,역삼1동 640-3,37.502833896999995,127.03423578399999
1555,보안등,역삼1동 640-1,37.5029708091,127.034376083
1556,보안등,역삼1동 640-20,37.5023832103,127.034864376
1557,보안등,역삼1동 640-6,37.5026031434,127.034565911
1558,보안등,역삼1동 639-10,37.5023149256,127.034208404
1559,보안등,역삼1동 639-10,37.5023149256,127.034208404
1560,보안등,역삼1동 629-10,37.5030610845,127.033769939
1561,보안등,역삼1동 638-1,37.5027079689,127.033493831
1562,보안등,역삼1동 639-5,37.5025817509,127.033765199
1563,보안등,역삼1동 638-8,37.5021889756,127.03354336
1564,보안등,역삼1동 639-7,37.5024303573,127.03385108200001
1565,보안등,역삼1동 638-8,37.5021889756,127.03354336
1566,보안등,역삼1동 645-3,37.501806911799996,127.03367437700001
1567,보안등,역삼1동 645,37.501554708600004,127.033398319
1568,보안등,역삼1동 645-14,37.501446455199996,127.033864209
1569,보안등,역삼1동 645-14,37.501446455199996,127.033864209
1570,보안등,역삼1동 696-20,37.505842267800006,127.047505865
1571,보안등,역삼1동 696-33,37.5061667058,127.047316064
1572,보안등,역삼1동 696-25,37.5062497929,127.046827529
1573,보안등,역삼1동 696-25,37.5062497929,127.046827529
1574,보안등,역삼1동 694-6,37.506747317199995,127.04639806
1575,보안등,역삼1동 694-13,37.5069383976,127.046226266
1576,보안등,역삼1동 694-13,37.5069383976,127.046226266
1577,보안등,역삼1동 694-14,37.5070429796,127.04605894299999
1578,보안등,역삼1동 694-17,37.5073495142,127.04556148799999
1579,보안등,역삼1동 694-18,37.5074504894,127.04539868399999
1580,보안등,역삼1동 694-18,37.5074504894,127.04539868399999
1581,보안등,역삼1동 683-43,37.507486644000004,127.045100119
1582,보안등,역삼1동 694-1,37.5072558428,127.045475474
1583,보안등,역삼1동 694-3,37.5070538901,127.045805605
1584,보안등,역삼1동 695-14,37.5064448389,127.04573284899999
1585,보안등,역삼1동 695-13,37.5063510765,127.045882083
1586,보안등,역삼1동 696-11,37.5061272993,127.046718877
1587,보안등,역삼1동 696-9,37.5058605982,127.04672775899999
1588,보안등,역삼1동 696-9,37.5058605982,127.04672775899999
1589,보안등,역삼1동 696-16,37.5057197783,127.047388165
1590,보안등,역삼1동 697-11,37.505283922800004,127.04680883
1591,보안등,역삼1동 697-8,37.5057022119,127.0462436
1592,보안등,역삼1동 697-7,37.5058067991,127.046062707
1593,보안등,역삼1동 695-10,37.506076998000005,127.04632526200001
1594,보안등,역삼1동823-5,37.4982754777,127.031836258
1595,보안등,역삼1동823-7,37.4984051072,127.03226152100001
1596,보안등,역삼1동823-7,37.4984051072,127.03226152100001
1597,보안등,역삼1동823-21,37.499053819299995,127.032307035
1598,보안등,역삼1동823-21,37.499053819299995,127.032307035
1599,보안등,역삼1동834-11,37.4939,127.03372
1600,보안등,역삼1동 642-42,37.501153,127.035221
1601,보안등,역삼1동 613-3,37.504353,127.030042
1602,보안등,역삼1동 720-16,37.501711,127.042343
1603,보안등,역삼1동799-34,37.4916,127.036678
1604,보안등,역삼1동602-26,37.504585,127.027828
1605,보안등,역삼1동602-26,37.504438,127.027302
1606,보안등,역삼1동 66-12,37.502774,127.028417
1607,보안등,역삼1동 692-32,37.507476,127.042587
1608,보안등,역삼1동 685-20,37.508083,127.041993
1609,보안등,역삼1동 904-29,37.497102,127.038893
1610,보안등,역삼1동 629-32,37.503106,127.033
1611,보안등,역삼1동758-5,37.497712,127.048095
1612,보안등,역삼1동 841,37.500119,127.044236
1613,보안등,역삼1동 665,37.504596,127.038316
1614,보안등,역삼1동 665,37.505643,127.037918
1615,보안등,역삼1동 665,37.505086,127.036539
1616,보안등,역삼1동 665,37.503937,127.037102
1617,보안등,역삼1동828-20,37.497349,127.03177
1618,보안등,역삼1동 695-63,37.506817,127.044662
